ODINO,MFR_NAME,COMPONENT,VEHICLE_MODEL_YEAR,MAKE,MODEL,CDESCR,CRASH,FIRE,INJURED,DEATHS,DATEA,document_id,document_type,sensitivity_level,DATA_SOURCE
11500000,Apex Motor Works,POWER TRAIN,2021,Apex,Summit,The owner of a 2021 Apex Summit reported warning lamp illuminated while driving. The concern involved power train and may relate to a transmission park pawl calibration error may allow vehicle movement.,N,N,0,0,08/01/2025,complaint-11500000,consumer_complaint,public,generated_fallback_nhtsa_style_not_real
11500001,Cobalt Auto Corporation,ELECTRICAL SYSTEM,2024,Cobalt,Vista,The owner of a 2024 Cobalt Vista reported intermittent warning appeared during cold start. The concern involved electrical system and may relate to a body control module software fault may reset the instrument cluster.,N,N,0,0,03/20/2025,complaint-11500001,consumer_complaint,public,generated_fallback_nhtsa_style_not_real
11500002,Riverton Truck Co.,POWER TRAIN,2024,Riverton,Hauler,The owner of a 2024 Riverton Hauler reported dealer could not duplicate the concern on the first visit. The concern involved power train and may relate to a transmission park pawl calibration error may allow vehicle movement.,N,N,0,0,05/14/2025,complaint-11500002,consumer_complaint,public,generated_fallback_nhtsa_style_not_real
11500003,Northstar Mobility LLC,SUSPENSION,2023,Northstar,Trail LX,The owner of a 2023 Northstar Trail LX reported condition occurred twice within the same month. The concern involved suspension and may relate to front lower control arm bushings may crack prematurely.,N,N,0,0,09/03/2025,complaint-11500003,consumer_complaint,public,generated_fallback_nhtsa_style_not_real
11500004,Cobalt Auto Corporation,"FUEL SYSTEM, GASOLINE",2015,Cobalt,Vista,"The owner of a 2015 Cobalt Vista reported owner reported reduced confidence during highway operation. The concern involved fuel system, gasoline and may relate to a fuel line quick connector may not be fully seated.",N,N,0,0,02/26/2025,complaint-11500004,consumer_complaint,public,generated_fallback_nhtsa_style_not_real
11500005,Apex Motor Works,AIR BAGS,2022,Apex,Summit,The owner of a 2022 Apex Summit reported warning lamp illuminated while driving. The concern involved air bags and may relate to the air bag control module may intermittently lose communication.,N,N,0,0,10/13/2025,complaint-11500005,consumer_complaint,public,generated_fallback_nhtsa_style_not_real
11500006,Continental Passenger Vehicles,SUSPENSION,2023,CPV,Ranger,The owner of a 2023 CPV Ranger reported intermittent warning appeared during cold start. The concern involved suspension and may relate to front lower control arm bushings may crack prematurely.,N,N,0,0,06/07/2025,complaint-11500006,consumer_complaint,public,generated_fallback_nhtsa_style_not_real
11500007,Helio Motors Inc.,"SERVICE BRAKES, HYDRAULIC",2025,Helio,Voltiva,"The owner of a 2025 Helio Voltiva reported dealer could not duplicate the concern on the first visit. The concern involved service brakes, hydraulic and may relate to the brake actuator may report incorrect pressure under repeated stop-and-go operation.",N,N,0,0,07/16/2025,complaint-11500007,consumer_complaint,public,generated_fallback_nhtsa_style_not_real
11500008,Apex Motor Works,STEERING,2022,Apex,Summit,The owner of a 2022 Apex Summit reported condition occurred twice within the same month. The concern involved steering and may relate to the steering intermediate shaft fastener may have been under-torqued.,N,N,0,0,01/13/2025,complaint-11500008,consumer_complaint,public,generated_fallback_nhtsa_style_not_real
11500009,Northstar Mobility LLC,STEERING,2019,Northstar,Trail LX,The owner of a 2019 Northstar Trail LX reported owner reported reduced confidence during highway operation. The concern involved steering and may relate to the steering intermediate shaft fastener may have been under-torqued.,N,N,0,0,03/11/2025,complaint-11500009,consumer_complaint,public,generated_fallback_nhtsa_style_not_real
11500010,Northstar Mobility LLC,TIRES,2016,Northstar,Trail LX,The owner of a 2016 Northstar Trail LX reported warning lamp illuminated while driving. The concern involved tires and may relate to the tire placard may show an incorrect cold inflation pressure.,N,N,0,0,03/08/2025,complaint-11500010,consumer_complaint,public,generated_fallback_nhtsa_style_not_real
11500011,Riverton Truck Co.,SEAT BELTS,2021,Riverton,Hauler,The owner of a 2021 Riverton Hauler reported intermittent warning appeared during cold start. The concern involved seat belts and may relate to the second-row buckle anchor may not meet retention specifications.,N,N,0,0,04/16/2025,complaint-11500011,consumer_complaint,public,generated_fallback_nhtsa_style_not_real
11500012,Northstar Mobility LLC,ELECTRICAL SYSTEM,2023,Northstar,Trail LX,The owner of a 2023 Northstar Trail LX reported dealer could not duplicate the concern on the first visit. The concern involved electrical system and may relate to a body control module software fault may reset the instrument cluster.,N,N,0,0,05/19/2025,complaint-11500012,consumer_complaint,public,generated_fallback_nhtsa_style_not_real
11500013,Helio Motors Inc.,TIRES,2026,Helio,Voltiva,The owner of a 2026 Helio Voltiva reported condition occurred twice within the same month. The concern involved tires and may relate to the tire placard may show an incorrect cold inflation pressure.,N,N,0,0,02/05/2025,complaint-11500013,consumer_complaint,public,generated_fallback_nhtsa_style_not_real
11500014,Continental Passenger Vehicles,"FUEL SYSTEM, GASOLINE",2015,CPV,Ranger,"The owner of a 2015 CPV Ranger reported owner reported reduced confidence during highway operation. The concern involved fuel system, gasoline and may relate to a fuel line quick connector may not be fully seated.",N,N,0,0,11/04/2025,complaint-11500014,consumer_complaint,public,generated_fallback_nhtsa_style_not_real
11500015,Helio Motors Inc.,AIR BAGS,2018,Helio,Voltiva,The owner of a 2018 Helio Voltiva reported warning lamp illuminated while driving. The concern involved air bags and may relate to the air bag control module may intermittently lose communication.,N,N,0,0,06/10/2025,complaint-11500015,consumer_complaint,public,generated_fallback_nhtsa_style_not_real
11500016,Helio Motors Inc.,"SERVICE BRAKES, HYDRAULIC",2017,Helio,Voltiva,"The owner of a 2017 Helio Voltiva reported intermittent warning appeared during cold start. The concern involved service brakes, hydraulic and may relate to the brake actuator may report incorrect pressure under repeated stop-and-go operation.",N,N,0,0,02/09/2025,complaint-11500016,consumer_complaint,public,generated_fallback_nhtsa_style_not_real
11500017,Helio Motors Inc.,POWER TRAIN,2017,Helio,Voltiva,The owner of a 2017 Helio Voltiva reported dealer could not duplicate the concern on the first visit. The concern involved power train and may relate to a transmission park pawl calibration error may allow vehicle movement.,N,N,0,0,01/14/2025,complaint-11500017,consumer_complaint,public,generated_fallback_nhtsa_style_not_real
11500018,Continental Passenger Vehicles,POWER TRAIN,2019,CPV,Ranger,The owner of a 2019 CPV Ranger reported condition occurred twice within the same month. The concern involved power train and may relate to a transmission park pawl calibration error may allow vehicle movement.,N,N,0,0,06/22/2025,complaint-11500018,consumer_complaint,public,generated_fallback_nhtsa_style_not_real
11500019,Apex Motor Works,ELECTRICAL SYSTEM,2022,Apex,Summit,The owner of a 2022 Apex Summit reported owner reported reduced confidence during highway operation. The concern involved electrical system and may relate to a body control module software fault may reset the instrument cluster.,N,N,0,0,07/16/2025,complaint-11500019,consumer_complaint,public,generated_fallback_nhtsa_style_not_real
11500020,Orion Automotive Group,POWER TRAIN,2015,Orion,Metro EV,The owner of a 2015 Orion Metro EV reported warning lamp illuminated while driving. The concern involved power train and may relate to a transmission park pawl calibration error may allow vehicle movement.,N,N,0,0,12/28/2025,complaint-11500020,consumer_complaint,public,generated_fallback_nhtsa_style_not_real
11500021,Continental Passenger Vehicles,"FUEL SYSTEM, GASOLINE",2024,CPV,Ranger,"The owner of a 2024 CPV Ranger reported intermittent warning appeared during cold start. The concern involved fuel system, gasoline and may relate to a fuel line quick connector may not be fully seated.",N,N,0,0,05/12/2025,complaint-11500021,consumer_complaint,public,generated_fallback_nhtsa_style_not_real
11500022,Cobalt Auto Corporation,AIR BAGS,2019,Cobalt,Vista,The owner of a 2019 Cobalt Vista reported dealer could not duplicate the concern on the first visit. The concern involved air bags and may relate to the air bag control module may intermittently lose communication.,N,N,0,0,09/12/2025,complaint-11500022,consumer_complaint,public,generated_fallback_nhtsa_style_not_real
11500023,Orion Automotive Group,STEERING,2026,Orion,Metro EV,The owner of a 2026 Orion Metro EV reported condition occurred twice within the same month. The concern involved steering and may relate to the steering intermediate shaft fastener may have been under-torqued.,N,N,0,0,12/15/2025,complaint-11500023,consumer_complaint,public,generated_fallback_nhtsa_style_not_real
11500024,Continental Passenger Vehicles,SUSPENSION,2026,CPV,Ranger,The owner of a 2026 CPV Ranger reported owner reported reduced confidence during highway operation. The concern involved suspension and may relate to front lower control arm bushings may crack prematurely.,N,N,0,0,12/19/2025,complaint-11500024,consumer_complaint,public,generated_fallback_nhtsa_style_not_real
11500025,Meridian Vehicle Systems,"FUEL SYSTEM, GASOLINE",2017,Meridian,Crossline,"The owner of a 2017 Meridian Crossline reported warning lamp illuminated while driving. The concern involved fuel system, gasoline and may relate to a fuel line quick connector may not be fully seated.",N,N,0,0,02/15/2025,complaint-11500025,consumer_complaint,public,generated_fallback_nhtsa_style_not_real
11500026,Helio Motors Inc.,"FUEL SYSTEM, GASOLINE",2020,Helio,Voltiva,"The owner of a 2020 Helio Voltiva reported intermittent warning appeared during cold start. The concern involved fuel system, gasoline and may relate to a fuel line quick connector may not be fully seated.",N,N,0,0,07/23/2025,complaint-11500026,consumer_complaint,public,generated_fallback_nhtsa_style_not_real
11500027,Cobalt Auto Corporation,"FUEL SYSTEM, GASOLINE",2018,Cobalt,Vista,"The owner of a 2018 Cobalt Vista reported dealer could not duplicate the concern on the first visit. The concern involved fuel system, gasoline and may relate to a fuel line quick connector may not be fully seated.",N,N,0,0,08/04/2025,complaint-11500027,consumer_complaint,public,generated_fallback_nhtsa_style_not_real
11500028,Meridian Vehicle Systems,POWER TRAIN,2016,Meridian,Crossline,The owner of a 2016 Meridian Crossline reported condition occurred twice within the same month. The concern involved power train and may relate to a transmission park pawl calibration error may allow vehicle movement.,N,N,0,0,06/25/2025,complaint-11500028,consumer_complaint,public,generated_fallback_nhtsa_style_not_real
11500029,Helio Motors Inc.,AIR BAGS,2025,Helio,Voltiva,The owner of a 2025 Helio Voltiva reported owner reported reduced confidence during highway operation. The concern involved air bags and may relate to the air bag control module may intermittently lose communication.,N,N,0,0,09/11/2025,complaint-11500029,consumer_complaint,public,generated_fallback_nhtsa_style_not_real
11500030,Continental Passenger Vehicles,"SERVICE BRAKES, HYDRAULIC",2026,CPV,Ranger,"The owner of a 2026 CPV Ranger reported warning lamp illuminated while driving. The concern involved service brakes, hydraulic and may relate to the brake actuator may report incorrect pressure under repeated stop-and-go operation.",N,N,0,0,09/18/2025,complaint-11500030,consumer_complaint,public,generated_fallback_nhtsa_style_not_real
11500031,Helio Motors Inc.,ELECTRICAL SYSTEM,2024,Helio,Voltiva,The owner of a 2024 Helio Voltiva reported intermittent warning appeared during cold start. The concern involved electrical system and may relate to a body control module software fault may reset the instrument cluster.,N,N,0,0,11/01/2025,complaint-11500031,consumer_complaint,public,generated_fallback_nhtsa_style_not_real
11500032,Continental Passenger Vehicles,SUSPENSION,2020,CPV,Ranger,The owner of a 2020 CPV Ranger reported dealer could not duplicate the concern on the first visit. The concern involved suspension and may relate to front lower control arm bushings may crack prematurely.,N,N,0,0,11/20/2025,complaint-11500032,consumer_complaint,public,generated_fallback_nhtsa_style_not_real
11500033,Apex Motor Works,"FUEL SYSTEM, GASOLINE",2019,Apex,Summit,"The owner of a 2019 Apex Summit reported condition occurred twice within the same month. The concern involved fuel system, gasoline and may relate to a fuel line quick connector may not be fully seated.",N,N,0,0,08/02/2025,complaint-11500033,consumer_complaint,public,generated_fallback_nhtsa_style_not_real
11500034,Riverton Truck Co.,POWER TRAIN,2024,Riverton,Hauler,The owner of a 2024 Riverton Hauler reported owner reported reduced confidence during highway operation. The concern involved power train and may relate to a transmission park pawl calibration error may allow vehicle movement.,N,N,0,0,12/04/2025,complaint-11500034,consumer_complaint,public,generated_fallback_nhtsa_style_not_real
11500035,Continental Passenger Vehicles,POWER TRAIN,2026,CPV,Ranger,The owner of a 2026 CPV Ranger reported warning lamp illuminated while driving. The concern involved power train and may relate to a transmission park pawl calibration error may allow vehicle movement.,N,N,0,0,04/06/2025,complaint-11500035,consumer_complaint,public,generated_fallback_nhtsa_style_not_real
11500036,Apex Motor Works,AIR BAGS,2022,Apex,Summit,The owner of a 2022 Apex Summit reported intermittent warning appeared during cold start. The concern involved air bags and may relate to the air bag control module may intermittently lose communication.,N,N,0,0,10/22/2025,complaint-11500036,consumer_complaint,public,generated_fallback_nhtsa_style_not_real
11500037,Northstar Mobility LLC,SUSPENSION,2022,Northstar,Trail LX,The owner of a 2022 Northstar Trail LX reported dealer could not duplicate the concern on the first visit. The concern involved suspension and may relate to front lower control arm bushings may crack prematurely.,N,N,0,0,10/10/2025,complaint-11500037,consumer_complaint,public,generated_fallback_nhtsa_style_not_real
11500038,Orion Automotive Group,POWER TRAIN,2016,Orion,Metro EV,The owner of a 2016 Orion Metro EV reported condition occurred twice within the same month. The concern involved power train and may relate to a transmission park pawl calibration error may allow vehicle movement.,N,N,0,0,01/07/2025,complaint-11500038,consumer_complaint,public,generated_fallback_nhtsa_style_not_real
11500039,Meridian Vehicle Systems,STEERING,2022,Meridian,Crossline,The owner of a 2022 Meridian Crossline reported owner reported reduced confidence during highway operation. The concern involved steering and may relate to the steering intermediate shaft fastener may have been under-torqued.,N,N,0,0,06/20/2025,complaint-11500039,consumer_complaint,public,generated_fallback_nhtsa_style_not_real
11500040,Riverton Truck Co.,ELECTRICAL SYSTEM,2021,Riverton,Hauler,The owner of a 2021 Riverton Hauler reported warning lamp illuminated while driving. The concern involved electrical system and may relate to a body control module software fault may reset the instrument cluster.,N,N,0,0,02/09/2025,complaint-11500040,consumer_complaint,public,generated_fallback_nhtsa_style_not_real
11500041,Helio Motors Inc.,SUSPENSION,2017,Helio,Voltiva,The owner of a 2017 Helio Voltiva reported intermittent warning appeared during cold start. The concern involved suspension and may relate to front lower control arm bushings may crack prematurely.,N,N,0,0,10/14/2025,complaint-11500041,consumer_complaint,public,generated_fallback_nhtsa_style_not_real
11500042,Helio Motors Inc.,ELECTRICAL SYSTEM,2021,Helio,Voltiva,The owner of a 2021 Helio Voltiva reported dealer could not duplicate the concern on the first visit. The concern involved electrical system and may relate to a body control module software fault may reset the instrument cluster.,N,N,0,0,02/04/2025,complaint-11500042,consumer_complaint,public,generated_fallback_nhtsa_style_not_real
11500043,Northstar Mobility LLC,"SERVICE BRAKES, HYDRAULIC",2022,Northstar,Trail LX,"The owner of a 2022 Northstar Trail LX reported condition occurred twice within the same month. The concern involved service brakes, hydraulic and may relate to the brake actuator may report incorrect pressure under repeated stop-and-go operation.",N,N,0,0,10/11/2025,complaint-11500043,consumer_complaint,public,generated_fallback_nhtsa_style_not_real
11500044,Meridian Vehicle Systems,SUSPENSION,2018,Meridian,Crossline,The owner of a 2018 Meridian Crossline reported owner reported reduced confidence during highway operation. The concern involved suspension and may relate to front lower control arm bushings may crack prematurely.,N,N,0,0,02/24/2025,complaint-11500044,consumer_complaint,public,generated_fallback_nhtsa_style_not_real
11500045,Meridian Vehicle Systems,"SERVICE BRAKES, HYDRAULIC",2020,Meridian,Crossline,"The owner of a 2020 Meridian Crossline reported warning lamp illuminated while driving. The concern involved service brakes, hydraulic and may relate to the brake actuator may report incorrect pressure under repeated stop-and-go operation.",N,N,0,0,03/16/2025,complaint-11500045,consumer_complaint,public,generated_fallback_nhtsa_style_not_real
11500046,Cobalt Auto Corporation,STEERING,2015,Cobalt,Vista,The owner of a 2015 Cobalt Vista reported intermittent warning appeared during cold start. The concern involved steering and may relate to the steering intermediate shaft fastener may have been under-torqued.,N,N,0,0,05/09/2025,complaint-11500046,consumer_complaint,public,generated_fallback_nhtsa_style_not_real
11500047,Orion Automotive Group,POWER TRAIN,2017,Orion,Metro EV,The owner of a 2017 Orion Metro EV reported dealer could not duplicate the concern on the first visit. The concern involved power train and may relate to a transmission park pawl calibration error may allow vehicle movement.,N,N,0,0,06/17/2025,complaint-11500047,consumer_complaint,public,generated_fallback_nhtsa_style_not_real
11500048,Helio Motors Inc.,STEERING,2024,Helio,Voltiva,The owner of a 2024 Helio Voltiva reported condition occurred twice within the same month. The concern involved steering and may relate to the steering intermediate shaft fastener may have been under-torqued.,N,N,0,0,12/16/2025,complaint-11500048,consumer_complaint,public,generated_fallback_nhtsa_style_not_real
11500049,Cobalt Auto Corporation,SEAT BELTS,2015,Cobalt,Vista,The owner of a 2015 Cobalt Vista reported owner reported reduced confidence during highway operation. The concern involved seat belts and may relate to the second-row buckle anchor may not meet retention specifications.,N,N,0,0,04/02/2025,complaint-11500049,consumer_complaint,public,generated_fallback_nhtsa_style_not_real
11500050,Northstar Mobility LLC,AIR BAGS,2016,Northstar,Trail LX,The owner of a 2016 Northstar Trail LX reported warning lamp illuminated while driving. The concern involved air bags and may relate to the air bag control module may intermittently lose communication.,N,N,0,0,08/23/2025,complaint-11500050,consumer_complaint,public,generated_fallback_nhtsa_style_not_real
11500051,Continental Passenger Vehicles,SUSPENSION,2015,CPV,Ranger,The owner of a 2015 CPV Ranger reported intermittent warning appeared during cold start. The concern involved suspension and may relate to front lower control arm bushings may crack prematurely.,N,N,0,0,05/21/2025,complaint-11500051,consumer_complaint,public,generated_fallback_nhtsa_style_not_real
11500052,Riverton Truck Co.,AIR BAGS,2020,Riverton,Hauler,The owner of a 2020 Riverton Hauler reported dealer could not duplicate the concern on the first visit. The concern involved air bags and may relate to the air bag control module may intermittently lose communication.,N,N,0,0,09/10/2025,complaint-11500052,consumer_complaint,public,generated_fallback_nhtsa_style_not_real
11500053,Riverton Truck Co.,SEAT BELTS,2026,Riverton,Hauler,The owner of a 2026 Riverton Hauler reported condition occurred twice within the same month. The concern involved seat belts and may relate to the second-row buckle anchor may not meet retention specifications.,N,N,0,0,09/16/2025,complaint-11500053,consumer_complaint,public,generated_fallback_nhtsa_style_not_real
11500054,Helio Motors Inc.,TIRES,2026,Helio,Voltiva,The owner of a 2026 Helio Voltiva reported owner reported reduced confidence during highway operation. The concern involved tires and may relate to the tire placard may show an incorrect cold inflation pressure.,N,N,0,0,02/15/2025,complaint-11500054,consumer_complaint,public,generated_fallback_nhtsa_style_not_real
11500055,Riverton Truck Co.,STEERING,2022,Riverton,Hauler,The owner of a 2022 Riverton Hauler reported warning lamp illuminated while driving. The concern involved steering and may relate to the steering intermediate shaft fastener may have been under-torqued.,N,N,0,0,12/15/2025,complaint-11500055,consumer_complaint,public,generated_fallback_nhtsa_style_not_real
11500056,Meridian Vehicle Systems,"SERVICE BRAKES, HYDRAULIC",2025,Meridian,Crossline,"The owner of a 2025 Meridian Crossline reported intermittent warning appeared during cold start. The concern involved service brakes, hydraulic and may relate to the brake actuator may report incorrect pressure under repeated stop-and-go operation.",N,N,0,0,12/20/2025,complaint-11500056,consumer_complaint,public,generated_fallback_nhtsa_style_not_real
11500057,Riverton Truck Co.,SUSPENSION,2022,Riverton,Hauler,The owner of a 2022 Riverton Hauler reported dealer could not duplicate the concern on the first visit. The concern involved suspension and may relate to front lower control arm bushings may crack prematurely.,N,N,0,0,02/07/2025,complaint-11500057,consumer_complaint,public,generated_fallback_nhtsa_style_not_real
11500058,Meridian Vehicle Systems,POWER TRAIN,2023,Meridian,Crossline,The owner of a 2023 Meridian Crossline reported condition occurred twice within the same month. The concern involved power train and may relate to a transmission park pawl calibration error may allow vehicle movement.,N,N,0,0,05/20/2025,complaint-11500058,consumer_complaint,public,generated_fallback_nhtsa_style_not_real
11500059,Meridian Vehicle Systems,POWER TRAIN,2025,Meridian,Crossline,The owner of a 2025 Meridian Crossline reported owner reported reduced confidence during highway operation. The concern involved power train and may relate to a transmission park pawl calibration error may allow vehicle movement.,N,N,0,0,04/02/2025,complaint-11500059,consumer_complaint,public,generated_fallback_nhtsa_style_not_real
11500060,Continental Passenger Vehicles,AIR BAGS,2023,CPV,Ranger,The owner of a 2023 CPV Ranger reported warning lamp illuminated while driving. The concern involved air bags and may relate to the air bag control module may intermittently lose communication.,N,N,0,0,11/10/2025,complaint-11500060,consumer_complaint,public,generated_fallback_nhtsa_style_not_real
11500061,Cobalt Auto Corporation,"FUEL SYSTEM, GASOLINE",2023,Cobalt,Vista,"The owner of a 2023 Cobalt Vista reported intermittent warning appeared during cold start. The concern involved fuel system, gasoline and may relate to a fuel line quick connector may not be fully seated.",N,N,0,0,07/08/2025,complaint-11500061,consumer_complaint,public,generated_fallback_nhtsa_style_not_real
11500062,Northstar Mobility LLC,ELECTRICAL SYSTEM,2023,Northstar,Trail LX,The owner of a 2023 Northstar Trail LX reported dealer could not duplicate the concern on the first visit. The concern involved electrical system and may relate to a body control module software fault may reset the instrument cluster.,N,N,0,0,10/07/2025,complaint-11500062,consumer_complaint,public,generated_fallback_nhtsa_style_not_real
11500063,Apex Motor Works,ELECTRICAL SYSTEM,2024,Apex,Summit,The owner of a 2024 Apex Summit reported condition occurred twice within the same month. The concern involved electrical system and may relate to a body control module software fault may reset the instrument cluster.,N,N,0,0,05/24/2025,complaint-11500063,consumer_complaint,public,generated_fallback_nhtsa_style_not_real
11500064,Orion Automotive Group,STEERING,2019,Orion,Metro EV,The owner of a 2019 Orion Metro EV reported owner reported reduced confidence during highway operation. The concern involved steering and may relate to the steering intermediate shaft fastener may have been under-torqued.,N,N,0,0,04/24/2025,complaint-11500064,consumer_complaint,public,generated_fallback_nhtsa_style_not_real
11500065,Continental Passenger Vehicles,TIRES,2021,CPV,Ranger,The owner of a 2021 CPV Ranger reported warning lamp illuminated while driving. The concern involved tires and may relate to the tire placard may show an incorrect cold inflation pressure.,N,N,0,0,04/09/2025,complaint-11500065,consumer_complaint,public,generated_fallback_nhtsa_style_not_real
11500066,Meridian Vehicle Systems,"FUEL SYSTEM, GASOLINE",2020,Meridian,Crossline,"The owner of a 2020 Meridian Crossline reported intermittent warning appeared during cold start. The concern involved fuel system, gasoline and may relate to a fuel line quick connector may not be fully seated.",N,N,0,0,08/16/2025,complaint-11500066,consumer_complaint,public,generated_fallback_nhtsa_style_not_real
11500067,Orion Automotive Group,"FUEL SYSTEM, GASOLINE",2017,Orion,Metro EV,"The owner of a 2017 Orion Metro EV reported dealer could not duplicate the concern on the first visit. The concern involved fuel system, gasoline and may relate to a fuel line quick connector may not be fully seated.",N,N,0,0,10/25/2025,complaint-11500067,consumer_complaint,public,generated_fallback_nhtsa_style_not_real
11500068,Orion Automotive Group,AIR BAGS,2016,Orion,Metro EV,The owner of a 2016 Orion Metro EV reported condition occurred twice within the same month. The concern involved air bags and may relate to the air bag control module may intermittently lose communication.,N,N,0,0,11/18/2025,complaint-11500068,consumer_complaint,public,generated_fallback_nhtsa_style_not_real
11500069,Apex Motor Works,"FUEL SYSTEM, GASOLINE",2018,Apex,Summit,"The owner of a 2018 Apex Summit reported owner reported reduced confidence during highway operation. The concern involved fuel system, gasoline and may relate to a fuel line quick connector may not be fully seated.",N,N,0,0,09/16/2025,complaint-11500069,consumer_complaint,public,generated_fallback_nhtsa_style_not_real
11500070,Continental Passenger Vehicles,STEERING,2018,CPV,Ranger,The owner of a 2018 CPV Ranger reported warning lamp illuminated while driving. The concern involved steering and may relate to the steering intermediate shaft fastener may have been under-torqued.,N,N,0,0,11/16/2025,complaint-11500070,consumer_complaint,public,generated_fallback_nhtsa_style_not_real
11500071,Northstar Mobility LLC,ELECTRICAL SYSTEM,2017,Northstar,Trail LX,The owner of a 2017 Northstar Trail LX reported intermittent warning appeared during cold start. The concern involved electrical system and may relate to a body control module software fault may reset the instrument cluster.,N,N,0,0,06/11/2025,complaint-11500071,consumer_complaint,public,generated_fallback_nhtsa_style_not_real
11500072,Continental Passenger Vehicles,SUSPENSION,2023,CPV,Ranger,The owner of a 2023 CPV Ranger reported dealer could not duplicate the concern on the first visit. The concern involved suspension and may relate to front lower control arm bushings may crack prematurely.,N,N,0,0,03/03/2025,complaint-11500072,consumer_complaint,public,generated_fallback_nhtsa_style_not_real
11500073,Helio Motors Inc.,TIRES,2025,Helio,Voltiva,The owner of a 2025 Helio Voltiva reported condition occurred twice within the same month. The concern involved tires and may relate to the tire placard may show an incorrect cold inflation pressure.,N,N,0,0,09/05/2025,complaint-11500073,consumer_complaint,public,generated_fallback_nhtsa_style_not_real
11500074,Riverton Truck Co.,POWER TRAIN,2021,Riverton,Hauler,The owner of a 2021 Riverton Hauler reported owner reported reduced confidence during highway operation. The concern involved power train and may relate to a transmission park pawl calibration error may allow vehicle movement.,N,N,0,0,03/18/2025,complaint-11500074,consumer_complaint,public,generated_fallback_nhtsa_style_not_real
11500075,Helio Motors Inc.,AIR BAGS,2025,Helio,Voltiva,The owner of a 2025 Helio Voltiva reported warning lamp illuminated while driving. The concern involved air bags and may relate to the air bag control module may intermittently lose communication.,N,N,0,0,01/14/2025,complaint-11500075,consumer_complaint,public,generated_fallback_nhtsa_style_not_real
11500076,Northstar Mobility LLC,AIR BAGS,2022,Northstar,Trail LX,The owner of a 2022 Northstar Trail LX reported intermittent warning appeared during cold start. The concern involved air bags and may relate to the air bag control module may intermittently lose communication.,N,N,0,0,04/21/2025,complaint-11500076,consumer_complaint,public,generated_fallback_nhtsa_style_not_real
11500077,Orion Automotive Group,SEAT BELTS,2021,Orion,Metro EV,The owner of a 2021 Orion Metro EV reported dealer could not duplicate the concern on the first visit. The concern involved seat belts and may relate to the second-row buckle anchor may not meet retention specifications.,N,N,0,0,06/02/2025,complaint-11500077,consumer_complaint,public,generated_fallback_nhtsa_style_not_real
11500078,Riverton Truck Co.,SUSPENSION,2019,Riverton,Hauler,The owner of a 2019 Riverton Hauler reported condition occurred twice within the same month. The concern involved suspension and may relate to front lower control arm bushings may crack prematurely.,N,N,0,0,04/25/2025,complaint-11500078,consumer_complaint,public,generated_fallback_nhtsa_style_not_real
11500079,Northstar Mobility LLC,SEAT BELTS,2020,Northstar,Trail LX,The owner of a 2020 Northstar Trail LX reported owner reported reduced confidence during highway operation. The concern involved seat belts and may relate to the second-row buckle anchor may not meet retention specifications.,N,N,0,0,08/05/2025,complaint-11500079,consumer_complaint,public,generated_fallback_nhtsa_style_not_real
11500080,Northstar Mobility LLC,ELECTRICAL SYSTEM,2017,Northstar,Trail LX,The owner of a 2017 Northstar Trail LX reported warning lamp illuminated while driving. The concern involved electrical system and may relate to a body control module software fault may reset the instrument cluster.,N,N,0,0,07/11/2025,complaint-11500080,consumer_complaint,public,generated_fallback_nhtsa_style_not_real
11500081,Riverton Truck Co.,AIR BAGS,2017,Riverton,Hauler,The owner of a 2017 Riverton Hauler reported intermittent warning appeared during cold start. The concern involved air bags and may relate to the air bag control module may intermittently lose communication.,N,N,0,0,10/20/2025,complaint-11500081,consumer_complaint,public,generated_fallback_nhtsa_style_not_real
11500082,Orion Automotive Group,STEERING,2021,Orion,Metro EV,The owner of a 2021 Orion Metro EV reported dealer could not duplicate the concern on the first visit. The concern involved steering and may relate to the steering intermediate shaft fastener may have been under-torqued.,N,N,0,0,09/23/2025,complaint-11500082,consumer_complaint,public,generated_fallback_nhtsa_style_not_real
11500083,Apex Motor Works,"SERVICE BRAKES, HYDRAULIC",2026,Apex,Summit,"The owner of a 2026 Apex Summit reported condition occurred twice within the same month. The concern involved service brakes, hydraulic and may relate to the brake actuator may report incorrect pressure under repeated stop-and-go operation.",N,N,0,0,12/06/2025,complaint-11500083,consumer_complaint,public,generated_fallback_nhtsa_style_not_real
11500084,Cobalt Auto Corporation,STEERING,2024,Cobalt,Vista,The owner of a 2024 Cobalt Vista reported owner reported reduced confidence during highway operation. The concern involved steering and may relate to the steering intermediate shaft fastener may have been under-torqued.,N,N,0,0,06/21/2025,complaint-11500084,consumer_complaint,public,generated_fallback_nhtsa_style_not_real
11500085,Meridian Vehicle Systems,STEERING,2024,Meridian,Crossline,The owner of a 2024 Meridian Crossline reported warning lamp illuminated while driving. The concern involved steering and may relate to the steering intermediate shaft fastener may have been under-torqued.,N,N,0,0,02/04/2025,complaint-11500085,consumer_complaint,public,generated_fallback_nhtsa_style_not_real
11500086,Northstar Mobility LLC,SUSPENSION,2025,Northstar,Trail LX,The owner of a 2025 Northstar Trail LX reported intermittent warning appeared during cold start. The concern involved suspension and may relate to front lower control arm bushings may crack prematurely.,N,N,0,0,03/18/2025,complaint-11500086,consumer_complaint,public,generated_fallback_nhtsa_style_not_real
11500087,Apex Motor Works,AIR BAGS,2025,Apex,Summit,The owner of a 2025 Apex Summit reported dealer could not duplicate the concern on the first visit. The concern involved air bags and may relate to the air bag control module may intermittently lose communication.,N,N,0,0,03/23/2025,complaint-11500087,consumer_complaint,public,generated_fallback_nhtsa_style_not_real
11500088,Riverton Truck Co.,TIRES,2017,Riverton,Hauler,The owner of a 2017 Riverton Hauler reported condition occurred twice within the same month. The concern involved tires and may relate to the tire placard may show an incorrect cold inflation pressure.,N,N,0,0,12/24/2025,complaint-11500088,consumer_complaint,public,generated_fallback_nhtsa_style_not_real
11500089,Cobalt Auto Corporation,ELECTRICAL SYSTEM,2017,Cobalt,Vista,The owner of a 2017 Cobalt Vista reported owner reported reduced confidence during highway operation. The concern involved electrical system and may relate to a body control module software fault may reset the instrument cluster.,N,N,0,0,09/23/2025,complaint-11500089,consumer_complaint,public,generated_fallback_nhtsa_style_not_real
11500090,Riverton Truck Co.,TIRES,2025,Riverton,Hauler,The owner of a 2025 Riverton Hauler reported warning lamp illuminated while driving. The concern involved tires and may relate to the tire placard may show an incorrect cold inflation pressure.,N,N,0,0,02/19/2025,complaint-11500090,consumer_complaint,public,generated_fallback_nhtsa_style_not_real
11500091,Orion Automotive Group,STEERING,2019,Orion,Metro EV,The owner of a 2019 Orion Metro EV reported intermittent warning appeared during cold start. The concern involved steering and may relate to the steering intermediate shaft fastener may have been under-torqued.,N,N,0,0,03/22/2025,complaint-11500091,consumer_complaint,public,generated_fallback_nhtsa_style_not_real
11500092,Apex Motor Works,TIRES,2023,Apex,Summit,The owner of a 2023 Apex Summit reported dealer could not duplicate the concern on the first visit. The concern involved tires and may relate to the tire placard may show an incorrect cold inflation pressure.,N,N,0,0,08/23/2025,complaint-11500092,consumer_complaint,public,generated_fallback_nhtsa_style_not_real
11500093,Riverton Truck Co.,STEERING,2023,Riverton,Hauler,The owner of a 2023 Riverton Hauler reported condition occurred twice within the same month. The concern involved steering and may relate to the steering intermediate shaft fastener may have been under-torqued.,N,N,0,0,08/28/2025,complaint-11500093,consumer_complaint,public,generated_fallback_nhtsa_style_not_real
11500094,Northstar Mobility LLC,SUSPENSION,2018,Northstar,Trail LX,The owner of a 2018 Northstar Trail LX reported owner reported reduced confidence during highway operation. The concern involved suspension and may relate to front lower control arm bushings may crack prematurely.,N,N,0,0,09/15/2025,complaint-11500094,consumer_complaint,public,generated_fallback_nhtsa_style_not_real
11500095,Helio Motors Inc.,SEAT BELTS,2016,Helio,Voltiva,The owner of a 2016 Helio Voltiva reported warning lamp illuminated while driving. The concern involved seat belts and may relate to the second-row buckle anchor may not meet retention specifications.,N,N,0,0,02/25/2025,complaint-11500095,consumer_complaint,public,generated_fallback_nhtsa_style_not_real
11500096,Apex Motor Works,AIR BAGS,2026,Apex,Summit,The owner of a 2026 Apex Summit reported intermittent warning appeared during cold start. The concern involved air bags and may relate to the air bag control module may intermittently lose communication.,N,N,0,0,06/13/2025,complaint-11500096,consumer_complaint,public,generated_fallback_nhtsa_style_not_real
11500097,Riverton Truck Co.,ELECTRICAL SYSTEM,2022,Riverton,Hauler,The owner of a 2022 Riverton Hauler reported dealer could not duplicate the concern on the first visit. The concern involved electrical system and may relate to a body control module software fault may reset the instrument cluster.,N,N,0,0,12/21/2025,complaint-11500097,consumer_complaint,public,generated_fallback_nhtsa_style_not_real
11500098,Northstar Mobility LLC,SUSPENSION,2023,Northstar,Trail LX,The owner of a 2023 Northstar Trail LX reported condition occurred twice within the same month. The concern involved suspension and may relate to front lower control arm bushings may crack prematurely.,N,N,0,0,06/01/2025,complaint-11500098,consumer_complaint,public,generated_fallback_nhtsa_style_not_real
11500099,Northstar Mobility LLC,AIR BAGS,2022,Northstar,Trail LX,The owner of a 2022 Northstar Trail LX reported owner reported reduced confidence during highway operation. The concern involved air bags and may relate to the air bag control module may intermittently lose communication.,N,N,0,0,01/11/2025,complaint-11500099,consumer_complaint,public,generated_fallback_nhtsa_style_not_real
11500100,Northstar Mobility LLC,SEAT BELTS,2026,Northstar,Trail LX,The owner of a 2026 Northstar Trail LX reported warning lamp illuminated while driving. The concern involved seat belts and may relate to the second-row buckle anchor may not meet retention specifications.,N,N,0,0,08/26/2025,complaint-11500100,consumer_complaint,public,generated_fallback_nhtsa_style_not_real
11500101,Helio Motors Inc.,SUSPENSION,2022,Helio,Voltiva,The owner of a 2022 Helio Voltiva reported intermittent warning appeared during cold start. The concern involved suspension and may relate to front lower control arm bushings may crack prematurely.,N,N,0,0,04/16/2025,complaint-11500101,consumer_complaint,public,generated_fallback_nhtsa_style_not_real
11500102,Helio Motors Inc.,STEERING,2021,Helio,Voltiva,The owner of a 2021 Helio Voltiva reported dealer could not duplicate the concern on the first visit. The concern involved steering and may relate to the steering intermediate shaft fastener may have been under-torqued.,N,N,0,0,07/22/2025,complaint-11500102,consumer_complaint,public,generated_fallback_nhtsa_style_not_real
11500103,Riverton Truck Co.,SUSPENSION,2023,Riverton,Hauler,The owner of a 2023 Riverton Hauler reported condition occurred twice within the same month. The concern involved suspension and may relate to front lower control arm bushings may crack prematurely.,N,N,0,0,10/11/2025,complaint-11500103,consumer_complaint,public,generated_fallback_nhtsa_style_not_real
11500104,Northstar Mobility LLC,STEERING,2017,Northstar,Trail LX,The owner of a 2017 Northstar Trail LX reported owner reported reduced confidence during highway operation. The concern involved steering and may relate to the steering intermediate shaft fastener may have been under-torqued.,N,N,0,0,11/10/2025,complaint-11500104,consumer_complaint,public,generated_fallback_nhtsa_style_not_real
11500105,Northstar Mobility LLC,ELECTRICAL SYSTEM,2019,Northstar,Trail LX,The owner of a 2019 Northstar Trail LX reported warning lamp illuminated while driving. The concern involved electrical system and may relate to a body control module software fault may reset the instrument cluster.,N,N,0,0,07/08/2025,complaint-11500105,consumer_complaint,public,generated_fallback_nhtsa_style_not_real
11500106,Apex Motor Works,POWER TRAIN,2017,Apex,Summit,The owner of a 2017 Apex Summit reported intermittent warning appeared during cold start. The concern involved power train and may relate to a transmission park pawl calibration error may allow vehicle movement.,N,N,0,0,07/19/2025,complaint-11500106,consumer_complaint,public,generated_fallback_nhtsa_style_not_real
11500107,Apex Motor Works,TIRES,2026,Apex,Summit,The owner of a 2026 Apex Summit reported dealer could not duplicate the concern on the first visit. The concern involved tires and may relate to the tire placard may show an incorrect cold inflation pressure.,N,N,0,0,05/20/2025,complaint-11500107,consumer_complaint,public,generated_fallback_nhtsa_style_not_real
11500108,Northstar Mobility LLC,TIRES,2023,Northstar,Trail LX,The owner of a 2023 Northstar Trail LX reported condition occurred twice within the same month. The concern involved tires and may relate to the tire placard may show an incorrect cold inflation pressure.,N,N,0,0,11/25/2025,complaint-11500108,consumer_complaint,public,generated_fallback_nhtsa_style_not_real
11500109,Apex Motor Works,"FUEL SYSTEM, GASOLINE",2026,Apex,Summit,"The owner of a 2026 Apex Summit reported owner reported reduced confidence during highway operation. The concern involved fuel system, gasoline and may relate to a fuel line quick connector may not be fully seated.",N,N,0,0,12/07/2025,complaint-11500109,consumer_complaint,public,generated_fallback_nhtsa_style_not_real
11500110,Riverton Truck Co.,SUSPENSION,2018,Riverton,Hauler,The owner of a 2018 Riverton Hauler reported warning lamp illuminated while driving. The concern involved suspension and may relate to front lower control arm bushings may crack prematurely.,N,N,0,0,03/28/2025,complaint-11500110,consumer_complaint,public,generated_fallback_nhtsa_style_not_real
11500111,Continental Passenger Vehicles,ELECTRICAL SYSTEM,2019,CPV,Ranger,The owner of a 2019 CPV Ranger reported intermittent warning appeared during cold start. The concern involved electrical system and may relate to a body control module software fault may reset the instrument cluster.,N,N,0,0,10/22/2025,complaint-11500111,consumer_complaint,public,generated_fallback_nhtsa_style_not_real
11500112,Apex Motor Works,AIR BAGS,2019,Apex,Summit,The owner of a 2019 Apex Summit reported dealer could not duplicate the concern on the first visit. The concern involved air bags and may relate to the air bag control module may intermittently lose communication.,N,N,0,0,04/03/2025,complaint-11500112,consumer_complaint,public,generated_fallback_nhtsa_style_not_real
11500113,Riverton Truck Co.,SEAT BELTS,2024,Riverton,Hauler,The owner of a 2024 Riverton Hauler reported condition occurred twice within the same month. The concern involved seat belts and may relate to the second-row buckle anchor may not meet retention specifications.,N,N,0,0,07/02/2025,complaint-11500113,consumer_complaint,public,generated_fallback_nhtsa_style_not_real
11500114,Orion Automotive Group,STEERING,2016,Orion,Metro EV,The owner of a 2016 Orion Metro EV reported owner reported reduced confidence during highway operation. The concern involved steering and may relate to the steering intermediate shaft fastener may have been under-torqued.,N,N,0,0,01/22/2025,complaint-11500114,consumer_complaint,public,generated_fallback_nhtsa_style_not_real
11500115,Meridian Vehicle Systems,"FUEL SYSTEM, GASOLINE",2024,Meridian,Crossline,"The owner of a 2024 Meridian Crossline reported warning lamp illuminated while driving. The concern involved fuel system, gasoline and may relate to a fuel line quick connector may not be fully seated.",N,N,0,0,08/13/2025,complaint-11500115,consumer_complaint,public,generated_fallback_nhtsa_style_not_real
11500116,Orion Automotive Group,ELECTRICAL SYSTEM,2025,Orion,Metro EV,The owner of a 2025 Orion Metro EV reported intermittent warning appeared during cold start. The concern involved electrical system and may relate to a body control module software fault may reset the instrument cluster.,N,N,0,0,07/27/2025,complaint-11500116,consumer_complaint,public,generated_fallback_nhtsa_style_not_real
11500117,Apex Motor Works,"FUEL SYSTEM, GASOLINE",2021,Apex,Summit,"The owner of a 2021 Apex Summit reported dealer could not duplicate the concern on the first visit. The concern involved fuel system, gasoline and may relate to a fuel line quick connector may not be fully seated.",N,N,0,0,07/05/2025,complaint-11500117,consumer_complaint,public,generated_fallback_nhtsa_style_not_real
11500118,Northstar Mobility LLC,SUSPENSION,2018,Northstar,Trail LX,The owner of a 2018 Northstar Trail LX reported condition occurred twice within the same month. The concern involved suspension and may relate to front lower control arm bushings may crack prematurely.,N,N,0,0,09/11/2025,complaint-11500118,consumer_complaint,public,generated_fallback_nhtsa_style_not_real
11500119,Helio Motors Inc.,POWER TRAIN,2020,Helio,Voltiva,The owner of a 2020 Helio Voltiva reported owner reported reduced confidence during highway operation. The concern involved power train and may relate to a transmission park pawl calibration error may allow vehicle movement.,N,N,0,0,06/05/2025,complaint-11500119,consumer_complaint,public,generated_fallback_nhtsa_style_not_real
11500120,Northstar Mobility LLC,STEERING,2026,Northstar,Trail LX,The owner of a 2026 Northstar Trail LX reported warning lamp illuminated while driving. The concern involved steering and may relate to the steering intermediate shaft fastener may have been under-torqued.,N,N,0,0,01/01/2025,complaint-11500120,consumer_complaint,public,generated_fallback_nhtsa_style_not_real
11500121,Apex Motor Works,AIR BAGS,2024,Apex,Summit,The owner of a 2024 Apex Summit reported intermittent warning appeared during cold start. The concern involved air bags and may relate to the air bag control module may intermittently lose communication.,N,N,0,0,10/23/2025,complaint-11500121,consumer_complaint,public,generated_fallback_nhtsa_style_not_real
11500122,Continental Passenger Vehicles,"FUEL SYSTEM, GASOLINE",2026,CPV,Ranger,"The owner of a 2026 CPV Ranger reported dealer could not duplicate the concern on the first visit. The concern involved fuel system, gasoline and may relate to a fuel line quick connector may not be fully seated.",N,N,0,0,02/17/2025,complaint-11500122,consumer_complaint,public,generated_fallback_nhtsa_style_not_real
11500123,Meridian Vehicle Systems,AIR BAGS,2023,Meridian,Crossline,The owner of a 2023 Meridian Crossline reported condition occurred twice within the same month. The concern involved air bags and may relate to the air bag control module may intermittently lose communication.,N,N,0,0,07/14/2025,complaint-11500123,consumer_complaint,public,generated_fallback_nhtsa_style_not_real
11500124,Helio Motors Inc.,TIRES,2022,Helio,Voltiva,The owner of a 2022 Helio Voltiva reported owner reported reduced confidence during highway operation. The concern involved tires and may relate to the tire placard may show an incorrect cold inflation pressure.,N,N,0,0,10/25/2025,complaint-11500124,consumer_complaint,public,generated_fallback_nhtsa_style_not_real
11500125,Cobalt Auto Corporation,"FUEL SYSTEM, GASOLINE",2026,Cobalt,Vista,"The owner of a 2026 Cobalt Vista reported warning lamp illuminated while driving. The concern involved fuel system, gasoline and may relate to a fuel line quick connector may not be fully seated.",N,N,0,0,02/26/2025,complaint-11500125,consumer_complaint,public,generated_fallback_nhtsa_style_not_real
11500126,Continental Passenger Vehicles,AIR BAGS,2017,CPV,Ranger,The owner of a 2017 CPV Ranger reported intermittent warning appeared during cold start. The concern involved air bags and may relate to the air bag control module may intermittently lose communication.,N,N,0,0,09/13/2025,complaint-11500126,consumer_complaint,public,generated_fallback_nhtsa_style_not_real
11500127,Apex Motor Works,AIR BAGS,2016,Apex,Summit,The owner of a 2016 Apex Summit reported dealer could not duplicate the concern on the first visit. The concern involved air bags and may relate to the air bag control module may intermittently lose communication.,N,N,0,0,04/11/2025,complaint-11500127,consumer_complaint,public,generated_fallback_nhtsa_style_not_real
11500128,Helio Motors Inc.,AIR BAGS,2024,Helio,Voltiva,The owner of a 2024 Helio Voltiva reported condition occurred twice within the same month. The concern involved air bags and may relate to the air bag control module may intermittently lose communication.,N,N,0,0,05/05/2025,complaint-11500128,consumer_complaint,public,generated_fallback_nhtsa_style_not_real
11500129,Continental Passenger Vehicles,ELECTRICAL SYSTEM,2015,CPV,Ranger,The owner of a 2015 CPV Ranger reported owner reported reduced confidence during highway operation. The concern involved electrical system and may relate to a body control module software fault may reset the instrument cluster.,N,N,0,0,05/05/2025,complaint-11500129,consumer_complaint,public,generated_fallback_nhtsa_style_not_real
11500130,Meridian Vehicle Systems,SUSPENSION,2015,Meridian,Crossline,The owner of a 2015 Meridian Crossline reported warning lamp illuminated while driving. The concern involved suspension and may relate to front lower control arm bushings may crack prematurely.,N,N,0,0,10/04/2025,complaint-11500130,consumer_complaint,public,generated_fallback_nhtsa_style_not_real
11500131,Riverton Truck Co.,SUSPENSION,2019,Riverton,Hauler,The owner of a 2019 Riverton Hauler reported intermittent warning appeared during cold start. The concern involved suspension and may relate to front lower control arm bushings may crack prematurely.,N,N,0,0,04/21/2025,complaint-11500131,consumer_complaint,public,generated_fallback_nhtsa_style_not_real
11500132,Northstar Mobility LLC,ELECTRICAL SYSTEM,2020,Northstar,Trail LX,The owner of a 2020 Northstar Trail LX reported dealer could not duplicate the concern on the first visit. The concern involved electrical system and may relate to a body control module software fault may reset the instrument cluster.,N,N,0,0,05/26/2025,complaint-11500132,consumer_complaint,public,generated_fallback_nhtsa_style_not_real
11500133,Riverton Truck Co.,"FUEL SYSTEM, GASOLINE",2026,Riverton,Hauler,"The owner of a 2026 Riverton Hauler reported condition occurred twice within the same month. The concern involved fuel system, gasoline and may relate to a fuel line quick connector may not be fully seated.",N,N,0,0,03/21/2025,complaint-11500133,consumer_complaint,public,generated_fallback_nhtsa_style_not_real
11500134,Northstar Mobility LLC,SUSPENSION,2024,Northstar,Trail LX,The owner of a 2024 Northstar Trail LX reported owner reported reduced confidence during highway operation. The concern involved suspension and may relate to front lower control arm bushings may crack prematurely.,N,N,0,0,10/06/2025,complaint-11500134,consumer_complaint,public,generated_fallback_nhtsa_style_not_real
11500135,Riverton Truck Co.,"FUEL SYSTEM, GASOLINE",2021,Riverton,Hauler,"The owner of a 2021 Riverton Hauler reported warning lamp illuminated while driving. The concern involved fuel system, gasoline and may relate to a fuel line quick connector may not be fully seated.",N,N,0,0,08/14/2025,complaint-11500135,consumer_complaint,public,generated_fallback_nhtsa_style_not_real
11500136,Meridian Vehicle Systems,SUSPENSION,2017,Meridian,Crossline,The owner of a 2017 Meridian Crossline reported intermittent warning appeared during cold start. The concern involved suspension and may relate to front lower control arm bushings may crack prematurely.,N,N,0,0,04/12/2025,complaint-11500136,consumer_complaint,public,generated_fallback_nhtsa_style_not_real
11500137,Meridian Vehicle Systems,"FUEL SYSTEM, GASOLINE",2024,Meridian,Crossline,"The owner of a 2024 Meridian Crossline reported dealer could not duplicate the concern on the first visit. The concern involved fuel system, gasoline and may relate to a fuel line quick connector may not be fully seated.",N,N,0,0,07/01/2025,complaint-11500137,consumer_complaint,public,generated_fallback_nhtsa_style_not_real
11500138,Orion Automotive Group,STEERING,2020,Orion,Metro EV,The owner of a 2020 Orion Metro EV reported condition occurred twice within the same month. The concern involved steering and may relate to the steering intermediate shaft fastener may have been under-torqued.,N,N,0,0,07/17/2025,complaint-11500138,consumer_complaint,public,generated_fallback_nhtsa_style_not_real
11500139,Meridian Vehicle Systems,SUSPENSION,2015,Meridian,Crossline,The owner of a 2015 Meridian Crossline reported owner reported reduced confidence during highway operation. The concern involved suspension and may relate to front lower control arm bushings may crack prematurely.,N,N,0,0,08/06/2025,complaint-11500139,consumer_complaint,public,generated_fallback_nhtsa_style_not_real
11500140,Riverton Truck Co.,SUSPENSION,2017,Riverton,Hauler,The owner of a 2017 Riverton Hauler reported warning lamp illuminated while driving. The concern involved suspension and may relate to front lower control arm bushings may crack prematurely.,N,N,0,0,06/10/2025,complaint-11500140,consumer_complaint,public,generated_fallback_nhtsa_style_not_real
11500141,Meridian Vehicle Systems,"FUEL SYSTEM, GASOLINE",2017,Meridian,Crossline,"The owner of a 2017 Meridian Crossline reported intermittent warning appeared during cold start. The concern involved fuel system, gasoline and may relate to a fuel line quick connector may not be fully seated.",N,N,0,0,09/16/2025,complaint-11500141,consumer_complaint,public,generated_fallback_nhtsa_style_not_real
11500142,Continental Passenger Vehicles,ELECTRICAL SYSTEM,2015,CPV,Ranger,The owner of a 2015 CPV Ranger reported dealer could not duplicate the concern on the first visit. The concern involved electrical system and may relate to a body control module software fault may reset the instrument cluster.,N,N,0,0,02/24/2025,complaint-11500142,consumer_complaint,public,generated_fallback_nhtsa_style_not_real
11500143,Helio Motors Inc.,STEERING,2023,Helio,Voltiva,The owner of a 2023 Helio Voltiva reported condition occurred twice within the same month. The concern involved steering and may relate to the steering intermediate shaft fastener may have been under-torqued.,N,N,0,0,08/22/2025,complaint-11500143,consumer_complaint,public,generated_fallback_nhtsa_style_not_real
11500144,Orion Automotive Group,SUSPENSION,2023,Orion,Metro EV,The owner of a 2023 Orion Metro EV reported owner reported reduced confidence during highway operation. The concern involved suspension and may relate to front lower control arm bushings may crack prematurely.,N,N,0,0,08/19/2025,complaint-11500144,consumer_complaint,public,generated_fallback_nhtsa_style_not_real
11500145,Cobalt Auto Corporation,SEAT BELTS,2019,Cobalt,Vista,The owner of a 2019 Cobalt Vista reported warning lamp illuminated while driving. The concern involved seat belts and may relate to the second-row buckle anchor may not meet retention specifications.,N,N,0,0,11/08/2025,complaint-11500145,consumer_complaint,public,generated_fallback_nhtsa_style_not_real
11500146,Meridian Vehicle Systems,STEERING,2021,Meridian,Crossline,The owner of a 2021 Meridian Crossline reported intermittent warning appeared during cold start. The concern involved steering and may relate to the steering intermediate shaft fastener may have been under-torqued.,N,N,0,0,10/26/2025,complaint-11500146,consumer_complaint,public,generated_fallback_nhtsa_style_not_real
11500147,Northstar Mobility LLC,SUSPENSION,2025,Northstar,Trail LX,The owner of a 2025 Northstar Trail LX reported dealer could not duplicate the concern on the first visit. The concern involved suspension and may relate to front lower control arm bushings may crack prematurely.,N,N,0,0,03/19/2025,complaint-11500147,consumer_complaint,public,generated_fallback_nhtsa_style_not_real
11500148,Continental Passenger Vehicles,TIRES,2026,CPV,Ranger,The owner of a 2026 CPV Ranger reported condition occurred twice within the same month. The concern involved tires and may relate to the tire placard may show an incorrect cold inflation pressure.,N,N,0,0,09/08/2025,complaint-11500148,consumer_complaint,public,generated_fallback_nhtsa_style_not_real
11500149,Apex Motor Works,"SERVICE BRAKES, HYDRAULIC",2026,Apex,Summit,"The owner of a 2026 Apex Summit reported owner reported reduced confidence during highway operation. The concern involved service brakes, hydraulic and may relate to the brake actuator may report incorrect pressure under repeated stop-and-go operation.",N,N,0,0,01/13/2025,complaint-11500149,consumer_complaint,public,generated_fallback_nhtsa_style_not_real
11500150,Orion Automotive Group,SUSPENSION,2020,Orion,Metro EV,The owner of a 2020 Orion Metro EV reported warning lamp illuminated while driving. The concern involved suspension and may relate to front lower control arm bushings may crack prematurely.,N,N,0,0,03/04/2025,complaint-11500150,consumer_complaint,public,generated_fallback_nhtsa_style_not_real
11500151,Orion Automotive Group,"SERVICE BRAKES, HYDRAULIC",2025,Orion,Metro EV,"The owner of a 2025 Orion Metro EV reported intermittent warning appeared during cold start. The concern involved service brakes, hydraulic and may relate to the brake actuator may report incorrect pressure under repeated stop-and-go operation.",N,N,0,0,01/25/2025,complaint-11500151,consumer_complaint,public,generated_fallback_nhtsa_style_not_real
11500152,Helio Motors Inc.,AIR BAGS,2022,Helio,Voltiva,The owner of a 2022 Helio Voltiva reported dealer could not duplicate the concern on the first visit. The concern involved air bags and may relate to the air bag control module may intermittently lose communication.,N,N,0,0,08/27/2025,complaint-11500152,consumer_complaint,public,generated_fallback_nhtsa_style_not_real
11500153,Orion Automotive Group,SEAT BELTS,2025,Orion,Metro EV,The owner of a 2025 Orion Metro EV reported condition occurred twice within the same month. The concern involved seat belts and may relate to the second-row buckle anchor may not meet retention specifications.,N,N,0,0,07/13/2025,complaint-11500153,consumer_complaint,public,generated_fallback_nhtsa_style_not_real
11500154,Cobalt Auto Corporation,SUSPENSION,2016,Cobalt,Vista,The owner of a 2016 Cobalt Vista reported owner reported reduced confidence during highway operation. The concern involved suspension and may relate to front lower control arm bushings may crack prematurely.,N,N,0,0,04/03/2025,complaint-11500154,consumer_complaint,public,generated_fallback_nhtsa_style_not_real
11500155,Orion Automotive Group,ELECTRICAL SYSTEM,2023,Orion,Metro EV,The owner of a 2023 Orion Metro EV reported warning lamp illuminated while driving. The concern involved electrical system and may relate to a body control module software fault may reset the instrument cluster.,N,N,0,0,02/07/2025,complaint-11500155,consumer_complaint,public,generated_fallback_nhtsa_style_not_real
11500156,Apex Motor Works,SUSPENSION,2026,Apex,Summit,The owner of a 2026 Apex Summit reported intermittent warning appeared during cold start. The concern involved suspension and may relate to front lower control arm bushings may crack prematurely.,N,N,0,0,06/10/2025,complaint-11500156,consumer_complaint,public,generated_fallback_nhtsa_style_not_real
11500157,Northstar Mobility LLC,SEAT BELTS,2024,Northstar,Trail LX,The owner of a 2024 Northstar Trail LX reported dealer could not duplicate the concern on the first visit. The concern involved seat belts and may relate to the second-row buckle anchor may not meet retention specifications.,N,N,0,0,05/18/2025,complaint-11500157,consumer_complaint,public,generated_fallback_nhtsa_style_not_real
11500158,Cobalt Auto Corporation,POWER TRAIN,2018,Cobalt,Vista,The owner of a 2018 Cobalt Vista reported condition occurred twice within the same month. The concern involved power train and may relate to a transmission park pawl calibration error may allow vehicle movement.,N,N,0,0,05/10/2025,complaint-11500158,consumer_complaint,public,generated_fallback_nhtsa_style_not_real
11500159,Continental Passenger Vehicles,SEAT BELTS,2017,CPV,Ranger,The owner of a 2017 CPV Ranger reported owner reported reduced confidence during highway operation. The concern involved seat belts and may relate to the second-row buckle anchor may not meet retention specifications.,N,N,0,0,05/01/2025,complaint-11500159,consumer_complaint,public,generated_fallback_nhtsa_style_not_real
11500160,Meridian Vehicle Systems,AIR BAGS,2025,Meridian,Crossline,The owner of a 2025 Meridian Crossline reported warning lamp illuminated while driving. The concern involved air bags and may relate to the air bag control module may intermittently lose communication.,N,N,0,0,04/12/2025,complaint-11500160,consumer_complaint,public,generated_fallback_nhtsa_style_not_real
11500161,Helio Motors Inc.,ELECTRICAL SYSTEM,2015,Helio,Voltiva,The owner of a 2015 Helio Voltiva reported intermittent warning appeared during cold start. The concern involved electrical system and may relate to a body control module software fault may reset the instrument cluster.,N,N,0,0,04/02/2025,complaint-11500161,consumer_complaint,public,generated_fallback_nhtsa_style_not_real
11500162,Helio Motors Inc.,STEERING,2015,Helio,Voltiva,The owner of a 2015 Helio Voltiva reported dealer could not duplicate the concern on the first visit. The concern involved steering and may relate to the steering intermediate shaft fastener may have been under-torqued.,N,N,0,0,11/05/2025,complaint-11500162,consumer_complaint,public,generated_fallback_nhtsa_style_not_real
11500163,Riverton Truck Co.,SUSPENSION,2025,Riverton,Hauler,The owner of a 2025 Riverton Hauler reported condition occurred twice within the same month. The concern involved suspension and may relate to front lower control arm bushings may crack prematurely.,N,N,0,0,04/07/2025,complaint-11500163,consumer_complaint,public,generated_fallback_nhtsa_style_not_real
11500164,Riverton Truck Co.,ELECTRICAL SYSTEM,2022,Riverton,Hauler,The owner of a 2022 Riverton Hauler reported owner reported reduced confidence during highway operation. The concern involved electrical system and may relate to a body control module software fault may reset the instrument cluster.,N,N,0,0,01/28/2025,complaint-11500164,consumer_complaint,public,generated_fallback_nhtsa_style_not_real
11500165,Cobalt Auto Corporation,POWER TRAIN,2019,Cobalt,Vista,The owner of a 2019 Cobalt Vista reported warning lamp illuminated while driving. The concern involved power train and may relate to a transmission park pawl calibration error may allow vehicle movement.,N,N,0,0,11/11/2025,complaint-11500165,consumer_complaint,public,generated_fallback_nhtsa_style_not_real
11500166,Helio Motors Inc.,ELECTRICAL SYSTEM,2024,Helio,Voltiva,The owner of a 2024 Helio Voltiva reported intermittent warning appeared during cold start. The concern involved electrical system and may relate to a body control module software fault may reset the instrument cluster.,N,N,0,0,03/09/2025,complaint-11500166,consumer_complaint,public,generated_fallback_nhtsa_style_not_real
11500167,Continental Passenger Vehicles,STEERING,2023,CPV,Ranger,The owner of a 2023 CPV Ranger reported dealer could not duplicate the concern on the first visit. The concern involved steering and may relate to the steering intermediate shaft fastener may have been under-torqued.,N,N,0,0,11/24/2025,complaint-11500167,consumer_complaint,public,generated_fallback_nhtsa_style_not_real
11500168,Orion Automotive Group,SEAT BELTS,2026,Orion,Metro EV,The owner of a 2026 Orion Metro EV reported condition occurred twice within the same month. The concern involved seat belts and may relate to the second-row buckle anchor may not meet retention specifications.,N,N,0,0,10/17/2025,complaint-11500168,consumer_complaint,public,generated_fallback_nhtsa_style_not_real
11500169,Apex Motor Works,ELECTRICAL SYSTEM,2016,Apex,Summit,The owner of a 2016 Apex Summit reported owner reported reduced confidence during highway operation. The concern involved electrical system and may relate to a body control module software fault may reset the instrument cluster.,N,N,0,0,03/21/2025,complaint-11500169,consumer_complaint,public,generated_fallback_nhtsa_style_not_real
11500170,Helio Motors Inc.,"SERVICE BRAKES, HYDRAULIC",2023,Helio,Voltiva,"The owner of a 2023 Helio Voltiva reported warning lamp illuminated while driving. The concern involved service brakes, hydraulic and may relate to the brake actuator may report incorrect pressure under repeated stop-and-go operation.",N,N,0,0,06/11/2025,complaint-11500170,consumer_complaint,public,generated_fallback_nhtsa_style_not_real
11500171,Continental Passenger Vehicles,POWER TRAIN,2016,CPV,Ranger,The owner of a 2016 CPV Ranger reported intermittent warning appeared during cold start. The concern involved power train and may relate to a transmission park pawl calibration error may allow vehicle movement.,N,N,0,0,10/25/2025,complaint-11500171,consumer_complaint,public,generated_fallback_nhtsa_style_not_real
11500172,Orion Automotive Group,STEERING,2022,Orion,Metro EV,The owner of a 2022 Orion Metro EV reported dealer could not duplicate the concern on the first visit. The concern involved steering and may relate to the steering intermediate shaft fastener may have been under-torqued.,N,N,0,0,12/16/2025,complaint-11500172,consumer_complaint,public,generated_fallback_nhtsa_style_not_real
11500173,Orion Automotive Group,STEERING,2021,Orion,Metro EV,The owner of a 2021 Orion Metro EV reported condition occurred twice within the same month. The concern involved steering and may relate to the steering intermediate shaft fastener may have been under-torqued.,N,N,0,0,02/10/2025,complaint-11500173,consumer_complaint,public,generated_fallback_nhtsa_style_not_real
11500174,Meridian Vehicle Systems,SEAT BELTS,2016,Meridian,Crossline,The owner of a 2016 Meridian Crossline reported owner reported reduced confidence during highway operation. The concern involved seat belts and may relate to the second-row buckle anchor may not meet retention specifications.,N,N,0,0,08/15/2025,complaint-11500174,consumer_complaint,public,generated_fallback_nhtsa_style_not_real
11500175,Northstar Mobility LLC,TIRES,2023,Northstar,Trail LX,The owner of a 2023 Northstar Trail LX reported warning lamp illuminated while driving. The concern involved tires and may relate to the tire placard may show an incorrect cold inflation pressure.,N,N,0,0,05/25/2025,complaint-11500175,consumer_complaint,public,generated_fallback_nhtsa_style_not_real
11500176,Meridian Vehicle Systems,SEAT BELTS,2020,Meridian,Crossline,The owner of a 2020 Meridian Crossline reported intermittent warning appeared during cold start. The concern involved seat belts and may relate to the second-row buckle anchor may not meet retention specifications.,N,N,0,0,05/12/2025,complaint-11500176,consumer_complaint,public,generated_fallback_nhtsa_style_not_real
11500177,Orion Automotive Group,SUSPENSION,2023,Orion,Metro EV,The owner of a 2023 Orion Metro EV reported dealer could not duplicate the concern on the first visit. The concern involved suspension and may relate to front lower control arm bushings may crack prematurely.,N,N,0,0,06/03/2025,complaint-11500177,consumer_complaint,public,generated_fallback_nhtsa_style_not_real
11500178,Apex Motor Works,AIR BAGS,2018,Apex,Summit,The owner of a 2018 Apex Summit reported condition occurred twice within the same month. The concern involved air bags and may relate to the air bag control module may intermittently lose communication.,N,N,0,0,10/13/2025,complaint-11500178,consumer_complaint,public,generated_fallback_nhtsa_style_not_real
11500179,Northstar Mobility LLC,"SERVICE BRAKES, HYDRAULIC",2018,Northstar,Trail LX,"The owner of a 2018 Northstar Trail LX reported owner reported reduced confidence during highway operation. The concern involved service brakes, hydraulic and may relate to the brake actuator may report incorrect pressure under repeated stop-and-go operation.",N,N,0,0,03/12/2025,complaint-11500179,consumer_complaint,public,generated_fallback_nhtsa_style_not_real
11500180,Continental Passenger Vehicles,POWER TRAIN,2017,CPV,Ranger,The owner of a 2017 CPV Ranger reported warning lamp illuminated while driving. The concern involved power train and may relate to a transmission park pawl calibration error may allow vehicle movement.,N,N,0,0,12/02/2025,complaint-11500180,consumer_complaint,public,generated_fallback_nhtsa_style_not_real
11500181,Northstar Mobility LLC,"FUEL SYSTEM, GASOLINE",2018,Northstar,Trail LX,"The owner of a 2018 Northstar Trail LX reported intermittent warning appeared during cold start. The concern involved fuel system, gasoline and may relate to a fuel line quick connector may not be fully seated.",N,N,0,0,06/10/2025,complaint-11500181,consumer_complaint,public,generated_fallback_nhtsa_style_not_real
11500182,Northstar Mobility LLC,ELECTRICAL SYSTEM,2021,Northstar,Trail LX,The owner of a 2021 Northstar Trail LX reported dealer could not duplicate the concern on the first visit. The concern involved electrical system and may relate to a body control module software fault may reset the instrument cluster.,N,N,0,0,03/22/2025,complaint-11500182,consumer_complaint,public,generated_fallback_nhtsa_style_not_real
11500183,Northstar Mobility LLC,"FUEL SYSTEM, GASOLINE",2020,Northstar,Trail LX,"The owner of a 2020 Northstar Trail LX reported condition occurred twice within the same month. The concern involved fuel system, gasoline and may relate to a fuel line quick connector may not be fully seated.",N,N,0,0,01/06/2025,complaint-11500183,consumer_complaint,public,generated_fallback_nhtsa_style_not_real
11500184,Apex Motor Works,STEERING,2023,Apex,Summit,The owner of a 2023 Apex Summit reported owner reported reduced confidence during highway operation. The concern involved steering and may relate to the steering intermediate shaft fastener may have been under-torqued.,N,N,0,0,05/05/2025,complaint-11500184,consumer_complaint,public,generated_fallback_nhtsa_style_not_real
11500185,Apex Motor Works,STEERING,2022,Apex,Summit,The owner of a 2022 Apex Summit reported warning lamp illuminated while driving. The concern involved steering and may relate to the steering intermediate shaft fastener may have been under-torqued.,N,N,0,0,11/28/2025,complaint-11500185,consumer_complaint,public,generated_fallback_nhtsa_style_not_real
11500186,Apex Motor Works,SUSPENSION,2016,Apex,Summit,The owner of a 2016 Apex Summit reported intermittent warning appeared during cold start. The concern involved suspension and may relate to front lower control arm bushings may crack prematurely.,N,N,0,0,12/04/2025,complaint-11500186,consumer_complaint,public,generated_fallback_nhtsa_style_not_real
11500187,Apex Motor Works,"SERVICE BRAKES, HYDRAULIC",2019,Apex,Summit,"The owner of a 2019 Apex Summit reported dealer could not duplicate the concern on the first visit. The concern involved service brakes, hydraulic and may relate to the brake actuator may report incorrect pressure under repeated stop-and-go operation.",N,N,0,0,01/16/2025,complaint-11500187,consumer_complaint,public,generated_fallback_nhtsa_style_not_real
11500188,Helio Motors Inc.,"SERVICE BRAKES, HYDRAULIC",2016,Helio,Voltiva,"The owner of a 2016 Helio Voltiva reported condition occurred twice within the same month. The concern involved service brakes, hydraulic and may relate to the brake actuator may report incorrect pressure under repeated stop-and-go operation.",N,N,0,0,06/12/2025,complaint-11500188,consumer_complaint,public,generated_fallback_nhtsa_style_not_real
11500189,Meridian Vehicle Systems,POWER TRAIN,2015,Meridian,Crossline,The owner of a 2015 Meridian Crossline reported owner reported reduced confidence during highway operation. The concern involved power train and may relate to a transmission park pawl calibration error may allow vehicle movement.,N,N,0,0,12/17/2025,complaint-11500189,consumer_complaint,public,generated_fallback_nhtsa_style_not_real
11500190,Apex Motor Works,AIR BAGS,2015,Apex,Summit,The owner of a 2015 Apex Summit reported warning lamp illuminated while driving. The concern involved air bags and may relate to the air bag control module may intermittently lose communication.,N,N,0,0,12/14/2025,complaint-11500190,consumer_complaint,public,generated_fallback_nhtsa_style_not_real
11500191,Helio Motors Inc.,POWER TRAIN,2016,Helio,Voltiva,The owner of a 2016 Helio Voltiva reported intermittent warning appeared during cold start. The concern involved power train and may relate to a transmission park pawl calibration error may allow vehicle movement.,N,N,0,0,09/01/2025,complaint-11500191,consumer_complaint,public,generated_fallback_nhtsa_style_not_real
11500192,Apex Motor Works,STEERING,2023,Apex,Summit,The owner of a 2023 Apex Summit reported dealer could not duplicate the concern on the first visit. The concern involved steering and may relate to the steering intermediate shaft fastener may have been under-torqued.,N,N,0,0,11/11/2025,complaint-11500192,consumer_complaint,public,generated_fallback_nhtsa_style_not_real
11500193,Riverton Truck Co.,SEAT BELTS,2017,Riverton,Hauler,The owner of a 2017 Riverton Hauler reported condition occurred twice within the same month. The concern involved seat belts and may relate to the second-row buckle anchor may not meet retention specifications.,N,N,0,0,11/18/2025,complaint-11500193,consumer_complaint,public,generated_fallback_nhtsa_style_not_real
11500194,Cobalt Auto Corporation,AIR BAGS,2018,Cobalt,Vista,The owner of a 2018 Cobalt Vista reported owner reported reduced confidence during highway operation. The concern involved air bags and may relate to the air bag control module may intermittently lose communication.,N,N,0,0,12/22/2025,complaint-11500194,consumer_complaint,public,generated_fallback_nhtsa_style_not_real
11500195,Orion Automotive Group,POWER TRAIN,2016,Orion,Metro EV,The owner of a 2016 Orion Metro EV reported warning lamp illuminated while driving. The concern involved power train and may relate to a transmission park pawl calibration error may allow vehicle movement.,N,N,0,0,05/18/2025,complaint-11500195,consumer_complaint,public,generated_fallback_nhtsa_style_not_real
11500196,Continental Passenger Vehicles,POWER TRAIN,2018,CPV,Ranger,The owner of a 2018 CPV Ranger reported intermittent warning appeared during cold start. The concern involved power train and may relate to a transmission park pawl calibration error may allow vehicle movement.,N,N,0,0,06/21/2025,complaint-11500196,consumer_complaint,public,generated_fallback_nhtsa_style_not_real
11500197,Helio Motors Inc.,"SERVICE BRAKES, HYDRAULIC",2016,Helio,Voltiva,"The owner of a 2016 Helio Voltiva reported dealer could not duplicate the concern on the first visit. The concern involved service brakes, hydraulic and may relate to the brake actuator may report incorrect pressure under repeated stop-and-go operation.",N,N,0,0,04/13/2025,complaint-11500197,consumer_complaint,public,generated_fallback_nhtsa_style_not_real
11500198,Orion Automotive Group,TIRES,2018,Orion,Metro EV,The owner of a 2018 Orion Metro EV reported condition occurred twice within the same month. The concern involved tires and may relate to the tire placard may show an incorrect cold inflation pressure.,N,N,0,0,11/28/2025,complaint-11500198,consumer_complaint,public,generated_fallback_nhtsa_style_not_real
11500199,Cobalt Auto Corporation,ELECTRICAL SYSTEM,2015,Cobalt,Vista,The owner of a 2015 Cobalt Vista reported owner reported reduced confidence during highway operation. The concern involved electrical system and may relate to a body control module software fault may reset the instrument cluster.,N,N,0,0,11/24/2025,complaint-11500199,consumer_complaint,public,generated_fallback_nhtsa_style_not_real
