CAMPNO,MFGNAME,COMPONENT,YEARTXT,MAKETXT,MODELTXT,SUMMARY,CONSEQUENCE,REMEDY,document_id,document_type,sensitivity_level,DATA_SOURCE
25V100000,Helio Motors Inc.,"FUEL SYSTEM, GASOLINE",2018,Helio,Voltiva,Helio Motors Inc. is recalling certain 2018 Helio Voltiva vehicles because a fuel line quick connector may not be fully seated.,Fuel leakage in the presence of an ignition source can increase fire risk.,Dealers will inspect the connector and replace the fuel line if needed.,recall-25V100000,recall_notice,public,generated_fallback_nhtsa_style_not_real
21V100001,Orion Automotive Group,STEERING,2025,Orion,Metro EV,Orion Automotive Group is recalling certain 2025 Orion Metro EV vehicles because the steering intermediate shaft fastener may have been under-torqued.,Steering looseness can reduce vehicle control and increase crash risk.,Dealers will inspect and tighten the fastener to the specified torque.,recall-21V100001,recall_notice,public,generated_fallback_nhtsa_style_not_real
20V100002,Apex Motor Works,"SERVICE BRAKES, HYDRAULIC",2018,Apex,Summit,Apex Motor Works is recalling certain 2018 Apex Summit vehicles because the brake actuator may report incorrect pressure under repeated stop-and-go operation.,Reduced brake assist can extend stopping distance and increase crash risk.,Dealers will replace the hydraulic control unit and recalibrate the brake actuator.,recall-20V100002,recall_notice,public,generated_fallback_nhtsa_style_not_real
21V100003,Orion Automotive Group,SEAT BELTS,2022,Orion,Metro EV,Orion Automotive Group is recalling certain 2022 Orion Metro EV vehicles because the second-row buckle anchor may not meet retention specifications.,Occupant restraint performance may be reduced during a crash.,Dealers will replace the buckle anchor assembly.,recall-21V100003,recall_notice,public,generated_fallback_nhtsa_style_not_real
25V100004,Cobalt Auto Corporation,SUSPENSION,2019,Cobalt,Vista,Cobalt Auto Corporation is recalling certain 2019 Cobalt Vista vehicles because front lower control arm bushings may crack prematurely.,Degraded handling may increase crash risk.,Dealers will inspect and replace affected lower control arms.,recall-25V100004,recall_notice,public,generated_fallback_nhtsa_style_not_real
22V100005,Apex Motor Works,"FUEL SYSTEM, GASOLINE",2020,Apex,Summit,Apex Motor Works is recalling certain 2020 Apex Summit vehicles because a fuel line quick connector may not be fully seated.,Fuel leakage in the presence of an ignition source can increase fire risk.,Dealers will inspect the connector and replace the fuel line if needed.,recall-22V100005,recall_notice,public,generated_fallback_nhtsa_style_not_real
26V100006,Helio Motors Inc.,SEAT BELTS,2022,Helio,Voltiva,Helio Motors Inc. is recalling certain 2022 Helio Voltiva vehicles because the second-row buckle anchor may not meet retention specifications.,Occupant restraint performance may be reduced during a crash.,Dealers will replace the buckle anchor assembly.,recall-26V100006,recall_notice,public,generated_fallback_nhtsa_style_not_real
23V100007,Orion Automotive Group,STEERING,2021,Orion,Metro EV,Orion Automotive Group is recalling certain 2021 Orion Metro EV vehicles because the steering intermediate shaft fastener may have been under-torqued.,Steering looseness can reduce vehicle control and increase crash risk.,Dealers will inspect and tighten the fastener to the specified torque.,recall-23V100007,recall_notice,public,generated_fallback_nhtsa_style_not_real
24V100008,Continental Passenger Vehicles,"SERVICE BRAKES, HYDRAULIC",2024,CPV,Ranger,Continental Passenger Vehicles is recalling certain 2024 CPV Ranger vehicles because the brake actuator may report incorrect pressure under repeated stop-and-go operation.,Reduced brake assist can extend stopping distance and increase crash risk.,Dealers will replace the hydraulic control unit and recalibrate the brake actuator.,recall-24V100008,recall_notice,public,generated_fallback_nhtsa_style_not_real
22V100009,Apex Motor Works,TIRES,2015,Apex,Summit,Apex Motor Works is recalling certain 2015 Apex Summit vehicles because the tire placard may show an incorrect cold inflation pressure.,Improper tire inflation can reduce handling stability and increase crash risk.,Dealers will install a corrected tire information placard.,recall-22V100009,recall_notice,public,generated_fallback_nhtsa_style_not_real
25V100010,Riverton Truck Co.,"FUEL SYSTEM, GASOLINE",2017,Riverton,Hauler,Riverton Truck Co. is recalling certain 2017 Riverton Hauler vehicles because a fuel line quick connector may not be fully seated.,Fuel leakage in the presence of an ignition source can increase fire risk.,Dealers will inspect the connector and replace the fuel line if needed.,recall-25V100010,recall_notice,public,generated_fallback_nhtsa_style_not_real
23V100011,Meridian Vehicle Systems,"SERVICE BRAKES, HYDRAULIC",2015,Meridian,Crossline,Meridian Vehicle Systems is recalling certain 2015 Meridian Crossline vehicles because the brake actuator may report incorrect pressure under repeated stop-and-go operation.,Reduced brake assist can extend stopping distance and increase crash risk.,Dealers will replace the hydraulic control unit and recalibrate the brake actuator.,recall-23V100011,recall_notice,public,generated_fallback_nhtsa_style_not_real
26V100012,Orion Automotive Group,"SERVICE BRAKES, HYDRAULIC",2017,Orion,Metro EV,Orion Automotive Group is recalling certain 2017 Orion Metro EV vehicles because the brake actuator may report incorrect pressure under repeated stop-and-go operation.,Reduced brake assist can extend stopping distance and increase crash risk.,Dealers will replace the hydraulic control unit and recalibrate the brake actuator.,recall-26V100012,recall_notice,public,generated_fallback_nhtsa_style_not_real
21V100013,Riverton Truck Co.,"SERVICE BRAKES, HYDRAULIC",2020,Riverton,Hauler,Riverton Truck Co. is recalling certain 2020 Riverton Hauler vehicles because the brake actuator may report incorrect pressure under repeated stop-and-go operation.,Reduced brake assist can extend stopping distance and increase crash risk.,Dealers will replace the hydraulic control unit and recalibrate the brake actuator.,recall-21V100013,recall_notice,public,generated_fallback_nhtsa_style_not_real
21V100014,Orion Automotive Group,POWER TRAIN,2017,Orion,Metro EV,Orion Automotive Group is recalling certain 2017 Orion Metro EV vehicles because a transmission park pawl calibration error may allow vehicle movement.,Unexpected vehicle rollaway can increase injury or crash risk.,Dealers will update the transmission control module calibration.,recall-21V100014,recall_notice,public,generated_fallback_nhtsa_style_not_real
23V100015,Meridian Vehicle Systems,"SERVICE BRAKES, HYDRAULIC",2025,Meridian,Crossline,Meridian Vehicle Systems is recalling certain 2025 Meridian Crossline vehicles because the brake actuator may report incorrect pressure under repeated stop-and-go operation.,Reduced brake assist can extend stopping distance and increase crash risk.,Dealers will replace the hydraulic control unit and recalibrate the brake actuator.,recall-23V100015,recall_notice,public,generated_fallback_nhtsa_style_not_real
20V100016,Orion Automotive Group,"FUEL SYSTEM, GASOLINE",2024,Orion,Metro EV,Orion Automotive Group is recalling certain 2024 Orion Metro EV vehicles because a fuel line quick connector may not be fully seated.,Fuel leakage in the presence of an ignition source can increase fire risk.,Dealers will inspect the connector and replace the fuel line if needed.,recall-20V100016,recall_notice,public,generated_fallback_nhtsa_style_not_real
21V100017,Meridian Vehicle Systems,"FUEL SYSTEM, GASOLINE",2022,Meridian,Crossline,Meridian Vehicle Systems is recalling certain 2022 Meridian Crossline vehicles because a fuel line quick connector may not be fully seated.,Fuel leakage in the presence of an ignition source can increase fire risk.,Dealers will inspect the connector and replace the fuel line if needed.,recall-21V100017,recall_notice,public,generated_fallback_nhtsa_style_not_real
25V100018,Helio Motors Inc.,"SERVICE BRAKES, HYDRAULIC",2017,Helio,Voltiva,Helio Motors Inc. is recalling certain 2017 Helio Voltiva vehicles because the brake actuator may report incorrect pressure under repeated stop-and-go operation.,Reduced brake assist can extend stopping distance and increase crash risk.,Dealers will replace the hydraulic control unit and recalibrate the brake actuator.,recall-25V100018,recall_notice,public,generated_fallback_nhtsa_style_not_real
20V100019,Northstar Mobility LLC,POWER TRAIN,2024,Northstar,Trail LX,Northstar Mobility LLC is recalling certain 2024 Northstar Trail LX vehicles because a transmission park pawl calibration error may allow vehicle movement.,Unexpected vehicle rollaway can increase injury or crash risk.,Dealers will update the transmission control module calibration.,recall-20V100019,recall_notice,public,generated_fallback_nhtsa_style_not_real
22V100020,Continental Passenger Vehicles,AIR BAGS,2023,CPV,Ranger,Continental Passenger Vehicles is recalling certain 2023 CPV Ranger vehicles because the air bag control module may intermittently lose communication.,"Air bags may not deploy as intended during a crash, increasing injury risk.",Dealers will inspect the wiring harness and update the restraint control software.,recall-22V100020,recall_notice,public,generated_fallback_nhtsa_style_not_real
20V100021,Northstar Mobility LLC,ELECTRICAL SYSTEM,2023,Northstar,Trail LX,Northstar Mobility LLC is recalling certain 2023 Northstar Trail LX vehicles because a body control module software fault may reset the instrument cluster.,Loss of driver information can distract the driver and increase crash risk.,Dealers will install updated body control module software free of charge.,recall-20V100021,recall_notice,public,generated_fallback_nhtsa_style_not_real
23V100022,Apex Motor Works,"FUEL SYSTEM, GASOLINE",2023,Apex,Summit,Apex Motor Works is recalling certain 2023 Apex Summit vehicles because a fuel line quick connector may not be fully seated.,Fuel leakage in the presence of an ignition source can increase fire risk.,Dealers will inspect the connector and replace the fuel line if needed.,recall-23V100022,recall_notice,public,generated_fallback_nhtsa_style_not_real
20V100023,Apex Motor Works,"FUEL SYSTEM, GASOLINE",2015,Apex,Summit,Apex Motor Works is recalling certain 2015 Apex Summit vehicles because a fuel line quick connector may not be fully seated.,Fuel leakage in the presence of an ignition source can increase fire risk.,Dealers will inspect the connector and replace the fuel line if needed.,recall-20V100023,recall_notice,public,generated_fallback_nhtsa_style_not_real
25V100024,Riverton Truck Co.,STEERING,2017,Riverton,Hauler,Riverton Truck Co. is recalling certain 2017 Riverton Hauler vehicles because the steering intermediate shaft fastener may have been under-torqued.,Steering looseness can reduce vehicle control and increase crash risk.,Dealers will inspect and tighten the fastener to the specified torque.,recall-25V100024,recall_notice,public,generated_fallback_nhtsa_style_not_real
22V100025,Cobalt Auto Corporation,SUSPENSION,2026,Cobalt,Vista,Cobalt Auto Corporation is recalling certain 2026 Cobalt Vista vehicles because front lower control arm bushings may crack prematurely.,Degraded handling may increase crash risk.,Dealers will inspect and replace affected lower control arms.,recall-22V100025,recall_notice,public,generated_fallback_nhtsa_style_not_real
20V100026,Continental Passenger Vehicles,POWER TRAIN,2021,CPV,Ranger,Continental Passenger Vehicles is recalling certain 2021 CPV Ranger vehicles because a transmission park pawl calibration error may allow vehicle movement.,Unexpected vehicle rollaway can increase injury or crash risk.,Dealers will update the transmission control module calibration.,recall-20V100026,recall_notice,public,generated_fallback_nhtsa_style_not_real
20V100027,Orion Automotive Group,POWER TRAIN,2024,Orion,Metro EV,Orion Automotive Group is recalling certain 2024 Orion Metro EV vehicles because a transmission park pawl calibration error may allow vehicle movement.,Unexpected vehicle rollaway can increase injury or crash risk.,Dealers will update the transmission control module calibration.,recall-20V100027,recall_notice,public,generated_fallback_nhtsa_style_not_real
24V100028,Continental Passenger Vehicles,AIR BAGS,2025,CPV,Ranger,Continental Passenger Vehicles is recalling certain 2025 CPV Ranger vehicles because the air bag control module may intermittently lose communication.,"Air bags may not deploy as intended during a crash, increasing injury risk.",Dealers will inspect the wiring harness and update the restraint control software.,recall-24V100028,recall_notice,public,generated_fallback_nhtsa_style_not_real
25V100029,Helio Motors Inc.,STEERING,2017,Helio,Voltiva,Helio Motors Inc. is recalling certain 2017 Helio Voltiva vehicles because the steering intermediate shaft fastener may have been under-torqued.,Steering looseness can reduce vehicle control and increase crash risk.,Dealers will inspect and tighten the fastener to the specified torque.,recall-25V100029,recall_notice,public,generated_fallback_nhtsa_style_not_real
22V100030,Orion Automotive Group,TIRES,2024,Orion,Metro EV,Orion Automotive Group is recalling certain 2024 Orion Metro EV vehicles because the tire placard may show an incorrect cold inflation pressure.,Improper tire inflation can reduce handling stability and increase crash risk.,Dealers will install a corrected tire information placard.,recall-22V100030,recall_notice,public,generated_fallback_nhtsa_style_not_real
21V100031,Orion Automotive Group,POWER TRAIN,2019,Orion,Metro EV,Orion Automotive Group is recalling certain 2019 Orion Metro EV vehicles because a transmission park pawl calibration error may allow vehicle movement.,Unexpected vehicle rollaway can increase injury or crash risk.,Dealers will update the transmission control module calibration.,recall-21V100031,recall_notice,public,generated_fallback_nhtsa_style_not_real
26V100032,Continental Passenger Vehicles,AIR BAGS,2020,CPV,Ranger,Continental Passenger Vehicles is recalling certain 2020 CPV Ranger vehicles because the air bag control module may intermittently lose communication.,"Air bags may not deploy as intended during a crash, increasing injury risk.",Dealers will inspect the wiring harness and update the restraint control software.,recall-26V100032,recall_notice,public,generated_fallback_nhtsa_style_not_real
24V100033,Continental Passenger Vehicles,SUSPENSION,2025,CPV,Ranger,Continental Passenger Vehicles is recalling certain 2025 CPV Ranger vehicles because front lower control arm bushings may crack prematurely.,Degraded handling may increase crash risk.,Dealers will inspect and replace affected lower control arms.,recall-24V100033,recall_notice,public,generated_fallback_nhtsa_style_not_real
26V100034,Orion Automotive Group,POWER TRAIN,2025,Orion,Metro EV,Orion Automotive Group is recalling certain 2025 Orion Metro EV vehicles because a transmission park pawl calibration error may allow vehicle movement.,Unexpected vehicle rollaway can increase injury or crash risk.,Dealers will update the transmission control module calibration.,recall-26V100034,recall_notice,public,generated_fallback_nhtsa_style_not_real
21V100035,Orion Automotive Group,"FUEL SYSTEM, GASOLINE",2017,Orion,Metro EV,Orion Automotive Group is recalling certain 2017 Orion Metro EV vehicles because a fuel line quick connector may not be fully seated.,Fuel leakage in the presence of an ignition source can increase fire risk.,Dealers will inspect the connector and replace the fuel line if needed.,recall-21V100035,recall_notice,public,generated_fallback_nhtsa_style_not_real
25V100036,Continental Passenger Vehicles,SUSPENSION,2015,CPV,Ranger,Continental Passenger Vehicles is recalling certain 2015 CPV Ranger vehicles because front lower control arm bushings may crack prematurely.,Degraded handling may increase crash risk.,Dealers will inspect and replace affected lower control arms.,recall-25V100036,recall_notice,public,generated_fallback_nhtsa_style_not_real
25V100037,Northstar Mobility LLC,AIR BAGS,2016,Northstar,Trail LX,Northstar Mobility LLC is recalling certain 2016 Northstar Trail LX vehicles because the air bag control module may intermittently lose communication.,"Air bags may not deploy as intended during a crash, increasing injury risk.",Dealers will inspect the wiring harness and update the restraint control software.,recall-25V100037,recall_notice,public,generated_fallback_nhtsa_style_not_real
21V100038,Helio Motors Inc.,AIR BAGS,2021,Helio,Voltiva,Helio Motors Inc. is recalling certain 2021 Helio Voltiva vehicles because the air bag control module may intermittently lose communication.,"Air bags may not deploy as intended during a crash, increasing injury risk.",Dealers will inspect the wiring harness and update the restraint control software.,recall-21V100038,recall_notice,public,generated_fallback_nhtsa_style_not_real
20V100039,Apex Motor Works,SEAT BELTS,2020,Apex,Summit,Apex Motor Works is recalling certain 2020 Apex Summit vehicles because the second-row buckle anchor may not meet retention specifications.,Occupant restraint performance may be reduced during a crash.,Dealers will replace the buckle anchor assembly.,recall-20V100039,recall_notice,public,generated_fallback_nhtsa_style_not_real
26V100040,Cobalt Auto Corporation,"SERVICE BRAKES, HYDRAULIC",2025,Cobalt,Vista,Cobalt Auto Corporation is recalling certain 2025 Cobalt Vista vehicles because the brake actuator may report incorrect pressure under repeated stop-and-go operation.,Reduced brake assist can extend stopping distance and increase crash risk.,Dealers will replace the hydraulic control unit and recalibrate the brake actuator.,recall-26V100040,recall_notice,public,generated_fallback_nhtsa_style_not_real
22V100041,Meridian Vehicle Systems,ELECTRICAL SYSTEM,2019,Meridian,Crossline,Meridian Vehicle Systems is recalling certain 2019 Meridian Crossline vehicles because a body control module software fault may reset the instrument cluster.,Loss of driver information can distract the driver and increase crash risk.,Dealers will install updated body control module software free of charge.,recall-22V100041,recall_notice,public,generated_fallback_nhtsa_style_not_real
21V100042,Northstar Mobility LLC,AIR BAGS,2018,Northstar,Trail LX,Northstar Mobility LLC is recalling certain 2018 Northstar Trail LX vehicles because the air bag control module may intermittently lose communication.,"Air bags may not deploy as intended during a crash, increasing injury risk.",Dealers will inspect the wiring harness and update the restraint control software.,recall-21V100042,recall_notice,public,generated_fallback_nhtsa_style_not_real
23V100043,Continental Passenger Vehicles,POWER TRAIN,2017,CPV,Ranger,Continental Passenger Vehicles is recalling certain 2017 CPV Ranger vehicles because a transmission park pawl calibration error may allow vehicle movement.,Unexpected vehicle rollaway can increase injury or crash risk.,Dealers will update the transmission control module calibration.,recall-23V100043,recall_notice,public,generated_fallback_nhtsa_style_not_real
26V100044,Continental Passenger Vehicles,TIRES,2021,CPV,Ranger,Continental Passenger Vehicles is recalling certain 2021 CPV Ranger vehicles because the tire placard may show an incorrect cold inflation pressure.,Improper tire inflation can reduce handling stability and increase crash risk.,Dealers will install a corrected tire information placard.,recall-26V100044,recall_notice,public,generated_fallback_nhtsa_style_not_real
24V100045,Continental Passenger Vehicles,SUSPENSION,2015,CPV,Ranger,Continental Passenger Vehicles is recalling certain 2015 CPV Ranger vehicles because front lower control arm bushings may crack prematurely.,Degraded handling may increase crash risk.,Dealers will inspect and replace affected lower control arms.,recall-24V100045,recall_notice,public,generated_fallback_nhtsa_style_not_real
20V100046,Meridian Vehicle Systems,"FUEL SYSTEM, GASOLINE",2023,Meridian,Crossline,Meridian Vehicle Systems is recalling certain 2023 Meridian Crossline vehicles because a fuel line quick connector may not be fully seated.,Fuel leakage in the presence of an ignition source can increase fire risk.,Dealers will inspect the connector and replace the fuel line if needed.,recall-20V100046,recall_notice,public,generated_fallback_nhtsa_style_not_real
23V100047,Orion Automotive Group,SEAT BELTS,2024,Orion,Metro EV,Orion Automotive Group is recalling certain 2024 Orion Metro EV vehicles because the second-row buckle anchor may not meet retention specifications.,Occupant restraint performance may be reduced during a crash.,Dealers will replace the buckle anchor assembly.,recall-23V100047,recall_notice,public,generated_fallback_nhtsa_style_not_real
23V100048,Apex Motor Works,SUSPENSION,2026,Apex,Summit,Apex Motor Works is recalling certain 2026 Apex Summit vehicles because front lower control arm bushings may crack prematurely.,Degraded handling may increase crash risk.,Dealers will inspect and replace affected lower control arms.,recall-23V100048,recall_notice,public,generated_fallback_nhtsa_style_not_real
21V100049,Apex Motor Works,"FUEL SYSTEM, GASOLINE",2024,Apex,Summit,Apex Motor Works is recalling certain 2024 Apex Summit vehicles because a fuel line quick connector may not be fully seated.,Fuel leakage in the presence of an ignition source can increase fire risk.,Dealers will inspect the connector and replace the fuel line if needed.,recall-21V100049,recall_notice,public,generated_fallback_nhtsa_style_not_real
24V100050,Cobalt Auto Corporation,TIRES,2024,Cobalt,Vista,Cobalt Auto Corporation is recalling certain 2024 Cobalt Vista vehicles because the tire placard may show an incorrect cold inflation pressure.,Improper tire inflation can reduce handling stability and increase crash risk.,Dealers will install a corrected tire information placard.,recall-24V100050,recall_notice,public,generated_fallback_nhtsa_style_not_real
23V100051,Orion Automotive Group,"SERVICE BRAKES, HYDRAULIC",2022,Orion,Metro EV,Orion Automotive Group is recalling certain 2022 Orion Metro EV vehicles because the brake actuator may report incorrect pressure under repeated stop-and-go operation.,Reduced brake assist can extend stopping distance and increase crash risk.,Dealers will replace the hydraulic control unit and recalibrate the brake actuator.,recall-23V100051,recall_notice,public,generated_fallback_nhtsa_style_not_real
20V100052,Apex Motor Works,POWER TRAIN,2015,Apex,Summit,Apex Motor Works is recalling certain 2015 Apex Summit vehicles because a transmission park pawl calibration error may allow vehicle movement.,Unexpected vehicle rollaway can increase injury or crash risk.,Dealers will update the transmission control module calibration.,recall-20V100052,recall_notice,public,generated_fallback_nhtsa_style_not_real
21V100053,Apex Motor Works,SUSPENSION,2025,Apex,Summit,Apex Motor Works is recalling certain 2025 Apex Summit vehicles because front lower control arm bushings may crack prematurely.,Degraded handling may increase crash risk.,Dealers will inspect and replace affected lower control arms.,recall-21V100053,recall_notice,public,generated_fallback_nhtsa_style_not_real
20V100054,Continental Passenger Vehicles,ELECTRICAL SYSTEM,2022,CPV,Ranger,Continental Passenger Vehicles is recalling certain 2022 CPV Ranger vehicles because a body control module software fault may reset the instrument cluster.,Loss of driver information can distract the driver and increase crash risk.,Dealers will install updated body control module software free of charge.,recall-20V100054,recall_notice,public,generated_fallback_nhtsa_style_not_real
20V100055,Apex Motor Works,STEERING,2016,Apex,Summit,Apex Motor Works is recalling certain 2016 Apex Summit vehicles because the steering intermediate shaft fastener may have been under-torqued.,Steering looseness can reduce vehicle control and increase crash risk.,Dealers will inspect and tighten the fastener to the specified torque.,recall-20V100055,recall_notice,public,generated_fallback_nhtsa_style_not_real
21V100056,Riverton Truck Co.,POWER TRAIN,2019,Riverton,Hauler,Riverton Truck Co. is recalling certain 2019 Riverton Hauler vehicles because a transmission park pawl calibration error may allow vehicle movement.,Unexpected vehicle rollaway can increase injury or crash risk.,Dealers will update the transmission control module calibration.,recall-21V100056,recall_notice,public,generated_fallback_nhtsa_style_not_real
25V100057,Northstar Mobility LLC,SEAT BELTS,2022,Northstar,Trail LX,Northstar Mobility LLC is recalling certain 2022 Northstar Trail LX vehicles because the second-row buckle anchor may not meet retention specifications.,Occupant restraint performance may be reduced during a crash.,Dealers will replace the buckle anchor assembly.,recall-25V100057,recall_notice,public,generated_fallback_nhtsa_style_not_real
23V100058,Cobalt Auto Corporation,"FUEL SYSTEM, GASOLINE",2017,Cobalt,Vista,Cobalt Auto Corporation is recalling certain 2017 Cobalt Vista vehicles because a fuel line quick connector may not be fully seated.,Fuel leakage in the presence of an ignition source can increase fire risk.,Dealers will inspect the connector and replace the fuel line if needed.,recall-23V100058,recall_notice,public,generated_fallback_nhtsa_style_not_real
26V100059,Northstar Mobility LLC,TIRES,2025,Northstar,Trail LX,Northstar Mobility LLC is recalling certain 2025 Northstar Trail LX vehicles because the tire placard may show an incorrect cold inflation pressure.,Improper tire inflation can reduce handling stability and increase crash risk.,Dealers will install a corrected tire information placard.,recall-26V100059,recall_notice,public,generated_fallback_nhtsa_style_not_real
25V100060,Riverton Truck Co.,SEAT BELTS,2015,Riverton,Hauler,Riverton Truck Co. is recalling certain 2015 Riverton Hauler vehicles because the second-row buckle anchor may not meet retention specifications.,Occupant restraint performance may be reduced during a crash.,Dealers will replace the buckle anchor assembly.,recall-25V100060,recall_notice,public,generated_fallback_nhtsa_style_not_real
24V100061,Cobalt Auto Corporation,"FUEL SYSTEM, GASOLINE",2025,Cobalt,Vista,Cobalt Auto Corporation is recalling certain 2025 Cobalt Vista vehicles because a fuel line quick connector may not be fully seated.,Fuel leakage in the presence of an ignition source can increase fire risk.,Dealers will inspect the connector and replace the fuel line if needed.,recall-24V100061,recall_notice,public,generated_fallback_nhtsa_style_not_real
26V100062,Cobalt Auto Corporation,STEERING,2016,Cobalt,Vista,Cobalt Auto Corporation is recalling certain 2016 Cobalt Vista vehicles because the steering intermediate shaft fastener may have been under-torqued.,Steering looseness can reduce vehicle control and increase crash risk.,Dealers will inspect and tighten the fastener to the specified torque.,recall-26V100062,recall_notice,public,generated_fallback_nhtsa_style_not_real
23V100063,Northstar Mobility LLC,AIR BAGS,2021,Northstar,Trail LX,Northstar Mobility LLC is recalling certain 2021 Northstar Trail LX vehicles because the air bag control module may intermittently lose communication.,"Air bags may not deploy as intended during a crash, increasing injury risk.",Dealers will inspect the wiring harness and update the restraint control software.,recall-23V100063,recall_notice,public,generated_fallback_nhtsa_style_not_real
22V100064,Meridian Vehicle Systems,STEERING,2025,Meridian,Crossline,Meridian Vehicle Systems is recalling certain 2025 Meridian Crossline vehicles because the steering intermediate shaft fastener may have been under-torqued.,Steering looseness can reduce vehicle control and increase crash risk.,Dealers will inspect and tighten the fastener to the specified torque.,recall-22V100064,recall_notice,public,generated_fallback_nhtsa_style_not_real
22V100065,Helio Motors Inc.,AIR BAGS,2024,Helio,Voltiva,Helio Motors Inc. is recalling certain 2024 Helio Voltiva vehicles because the air bag control module may intermittently lose communication.,"Air bags may not deploy as intended during a crash, increasing injury risk.",Dealers will inspect the wiring harness and update the restraint control software.,recall-22V100065,recall_notice,public,generated_fallback_nhtsa_style_not_real
24V100066,Cobalt Auto Corporation,"SERVICE BRAKES, HYDRAULIC",2026,Cobalt,Vista,Cobalt Auto Corporation is recalling certain 2026 Cobalt Vista vehicles because the brake actuator may report incorrect pressure under repeated stop-and-go operation.,Reduced brake assist can extend stopping distance and increase crash risk.,Dealers will replace the hydraulic control unit and recalibrate the brake actuator.,recall-24V100066,recall_notice,public,generated_fallback_nhtsa_style_not_real
24V100067,Helio Motors Inc.,SEAT BELTS,2019,Helio,Voltiva,Helio Motors Inc. is recalling certain 2019 Helio Voltiva vehicles because the second-row buckle anchor may not meet retention specifications.,Occupant restraint performance may be reduced during a crash.,Dealers will replace the buckle anchor assembly.,recall-24V100067,recall_notice,public,generated_fallback_nhtsa_style_not_real
24V100068,Continental Passenger Vehicles,"FUEL SYSTEM, GASOLINE",2021,CPV,Ranger,Continental Passenger Vehicles is recalling certain 2021 CPV Ranger vehicles because a fuel line quick connector may not be fully seated.,Fuel leakage in the presence of an ignition source can increase fire risk.,Dealers will inspect the connector and replace the fuel line if needed.,recall-24V100068,recall_notice,public,generated_fallback_nhtsa_style_not_real
23V100069,Cobalt Auto Corporation,SUSPENSION,2019,Cobalt,Vista,Cobalt Auto Corporation is recalling certain 2019 Cobalt Vista vehicles because front lower control arm bushings may crack prematurely.,Degraded handling may increase crash risk.,Dealers will inspect and replace affected lower control arms.,recall-23V100069,recall_notice,public,generated_fallback_nhtsa_style_not_real
24V100070,Continental Passenger Vehicles,SUSPENSION,2026,CPV,Ranger,Continental Passenger Vehicles is recalling certain 2026 CPV Ranger vehicles because front lower control arm bushings may crack prematurely.,Degraded handling may increase crash risk.,Dealers will inspect and replace affected lower control arms.,recall-24V100070,recall_notice,public,generated_fallback_nhtsa_style_not_real
24V100071,Continental Passenger Vehicles,"SERVICE BRAKES, HYDRAULIC",2017,CPV,Ranger,Continental Passenger Vehicles is recalling certain 2017 CPV Ranger vehicles because the brake actuator may report incorrect pressure under repeated stop-and-go operation.,Reduced brake assist can extend stopping distance and increase crash risk.,Dealers will replace the hydraulic control unit and recalibrate the brake actuator.,recall-24V100071,recall_notice,public,generated_fallback_nhtsa_style_not_real
21V100072,Continental Passenger Vehicles,TIRES,2019,CPV,Ranger,Continental Passenger Vehicles is recalling certain 2019 CPV Ranger vehicles because the tire placard may show an incorrect cold inflation pressure.,Improper tire inflation can reduce handling stability and increase crash risk.,Dealers will install a corrected tire information placard.,recall-21V100072,recall_notice,public,generated_fallback_nhtsa_style_not_real
24V100073,Cobalt Auto Corporation,STEERING,2019,Cobalt,Vista,Cobalt Auto Corporation is recalling certain 2019 Cobalt Vista vehicles because the steering intermediate shaft fastener may have been under-torqued.,Steering looseness can reduce vehicle control and increase crash risk.,Dealers will inspect and tighten the fastener to the specified torque.,recall-24V100073,recall_notice,public,generated_fallback_nhtsa_style_not_real
21V100074,Helio Motors Inc.,SUSPENSION,2018,Helio,Voltiva,Helio Motors Inc. is recalling certain 2018 Helio Voltiva vehicles because front lower control arm bushings may crack prematurely.,Degraded handling may increase crash risk.,Dealers will inspect and replace affected lower control arms.,recall-21V100074,recall_notice,public,generated_fallback_nhtsa_style_not_real
21V100075,Meridian Vehicle Systems,AIR BAGS,2017,Meridian,Crossline,Meridian Vehicle Systems is recalling certain 2017 Meridian Crossline vehicles because the air bag control module may intermittently lose communication.,"Air bags may not deploy as intended during a crash, increasing injury risk.",Dealers will inspect the wiring harness and update the restraint control software.,recall-21V100075,recall_notice,public,generated_fallback_nhtsa_style_not_real
24V100076,Riverton Truck Co.,SEAT BELTS,2019,Riverton,Hauler,Riverton Truck Co. is recalling certain 2019 Riverton Hauler vehicles because the second-row buckle anchor may not meet retention specifications.,Occupant restraint performance may be reduced during a crash.,Dealers will replace the buckle anchor assembly.,recall-24V100076,recall_notice,public,generated_fallback_nhtsa_style_not_real
24V100077,Cobalt Auto Corporation,SEAT BELTS,2022,Cobalt,Vista,Cobalt Auto Corporation is recalling certain 2022 Cobalt Vista vehicles because the second-row buckle anchor may not meet retention specifications.,Occupant restraint performance may be reduced during a crash.,Dealers will replace the buckle anchor assembly.,recall-24V100077,recall_notice,public,generated_fallback_nhtsa_style_not_real
23V100078,Orion Automotive Group,"SERVICE BRAKES, HYDRAULIC",2016,Orion,Metro EV,Orion Automotive Group is recalling certain 2016 Orion Metro EV vehicles because the brake actuator may report incorrect pressure under repeated stop-and-go operation.,Reduced brake assist can extend stopping distance and increase crash risk.,Dealers will replace the hydraulic control unit and recalibrate the brake actuator.,recall-23V100078,recall_notice,public,generated_fallback_nhtsa_style_not_real
20V100079,Riverton Truck Co.,TIRES,2019,Riverton,Hauler,Riverton Truck Co. is recalling certain 2019 Riverton Hauler vehicles because the tire placard may show an incorrect cold inflation pressure.,Improper tire inflation can reduce handling stability and increase crash risk.,Dealers will install a corrected tire information placard.,recall-20V100079,recall_notice,public,generated_fallback_nhtsa_style_not_real
23V100080,Northstar Mobility LLC,"SERVICE BRAKES, HYDRAULIC",2023,Northstar,Trail LX,Northstar Mobility LLC is recalling certain 2023 Northstar Trail LX vehicles because the brake actuator may report incorrect pressure under repeated stop-and-go operation.,Reduced brake assist can extend stopping distance and increase crash risk.,Dealers will replace the hydraulic control unit and recalibrate the brake actuator.,recall-23V100080,recall_notice,public,generated_fallback_nhtsa_style_not_real
22V100081,Continental Passenger Vehicles,AIR BAGS,2023,CPV,Ranger,Continental Passenger Vehicles is recalling certain 2023 CPV Ranger vehicles because the air bag control module may intermittently lose communication.,"Air bags may not deploy as intended during a crash, increasing injury risk.",Dealers will inspect the wiring harness and update the restraint control software.,recall-22V100081,recall_notice,public,generated_fallback_nhtsa_style_not_real
26V100082,Meridian Vehicle Systems,TIRES,2021,Meridian,Crossline,Meridian Vehicle Systems is recalling certain 2021 Meridian Crossline vehicles because the tire placard may show an incorrect cold inflation pressure.,Improper tire inflation can reduce handling stability and increase crash risk.,Dealers will install a corrected tire information placard.,recall-26V100082,recall_notice,public,generated_fallback_nhtsa_style_not_real
24V100083,Northstar Mobility LLC,"FUEL SYSTEM, GASOLINE",2021,Northstar,Trail LX,Northstar Mobility LLC is recalling certain 2021 Northstar Trail LX vehicles because a fuel line quick connector may not be fully seated.,Fuel leakage in the presence of an ignition source can increase fire risk.,Dealers will inspect the connector and replace the fuel line if needed.,recall-24V100083,recall_notice,public,generated_fallback_nhtsa_style_not_real
23V100084,Northstar Mobility LLC,TIRES,2020,Northstar,Trail LX,Northstar Mobility LLC is recalling certain 2020 Northstar Trail LX vehicles because the tire placard may show an incorrect cold inflation pressure.,Improper tire inflation can reduce handling stability and increase crash risk.,Dealers will install a corrected tire information placard.,recall-23V100084,recall_notice,public,generated_fallback_nhtsa_style_not_real
21V100085,Orion Automotive Group,SUSPENSION,2021,Orion,Metro EV,Orion Automotive Group is recalling certain 2021 Orion Metro EV vehicles because front lower control arm bushings may crack prematurely.,Degraded handling may increase crash risk.,Dealers will inspect and replace affected lower control arms.,recall-21V100085,recall_notice,public,generated_fallback_nhtsa_style_not_real
20V100086,Northstar Mobility LLC,SUSPENSION,2023,Northstar,Trail LX,Northstar Mobility LLC is recalling certain 2023 Northstar Trail LX vehicles because front lower control arm bushings may crack prematurely.,Degraded handling may increase crash risk.,Dealers will inspect and replace affected lower control arms.,recall-20V100086,recall_notice,public,generated_fallback_nhtsa_style_not_real
23V100087,Cobalt Auto Corporation,"FUEL SYSTEM, GASOLINE",2017,Cobalt,Vista,Cobalt Auto Corporation is recalling certain 2017 Cobalt Vista vehicles because a fuel line quick connector may not be fully seated.,Fuel leakage in the presence of an ignition source can increase fire risk.,Dealers will inspect the connector and replace the fuel line if needed.,recall-23V100087,recall_notice,public,generated_fallback_nhtsa_style_not_real
26V100088,Apex Motor Works,TIRES,2022,Apex,Summit,Apex Motor Works is recalling certain 2022 Apex Summit vehicles because the tire placard may show an incorrect cold inflation pressure.,Improper tire inflation can reduce handling stability and increase crash risk.,Dealers will install a corrected tire information placard.,recall-26V100088,recall_notice,public,generated_fallback_nhtsa_style_not_real
25V100089,Apex Motor Works,ELECTRICAL SYSTEM,2021,Apex,Summit,Apex Motor Works is recalling certain 2021 Apex Summit vehicles because a body control module software fault may reset the instrument cluster.,Loss of driver information can distract the driver and increase crash risk.,Dealers will install updated body control module software free of charge.,recall-25V100089,recall_notice,public,generated_fallback_nhtsa_style_not_real
21V100090,Riverton Truck Co.,"FUEL SYSTEM, GASOLINE",2017,Riverton,Hauler,Riverton Truck Co. is recalling certain 2017 Riverton Hauler vehicles because a fuel line quick connector may not be fully seated.,Fuel leakage in the presence of an ignition source can increase fire risk.,Dealers will inspect the connector and replace the fuel line if needed.,recall-21V100090,recall_notice,public,generated_fallback_nhtsa_style_not_real
26V100091,Northstar Mobility LLC,POWER TRAIN,2017,Northstar,Trail LX,Northstar Mobility LLC is recalling certain 2017 Northstar Trail LX vehicles because a transmission park pawl calibration error may allow vehicle movement.,Unexpected vehicle rollaway can increase injury or crash risk.,Dealers will update the transmission control module calibration.,recall-26V100091,recall_notice,public,generated_fallback_nhtsa_style_not_real
26V100092,Riverton Truck Co.,AIR BAGS,2018,Riverton,Hauler,Riverton Truck Co. is recalling certain 2018 Riverton Hauler vehicles because the air bag control module may intermittently lose communication.,"Air bags may not deploy as intended during a crash, increasing injury risk.",Dealers will inspect the wiring harness and update the restraint control software.,recall-26V100092,recall_notice,public,generated_fallback_nhtsa_style_not_real
22V100093,Cobalt Auto Corporation,AIR BAGS,2023,Cobalt,Vista,Cobalt Auto Corporation is recalling certain 2023 Cobalt Vista vehicles because the air bag control module may intermittently lose communication.,"Air bags may not deploy as intended during a crash, increasing injury risk.",Dealers will inspect the wiring harness and update the restraint control software.,recall-22V100093,recall_notice,public,generated_fallback_nhtsa_style_not_real
21V100094,Northstar Mobility LLC,TIRES,2019,Northstar,Trail LX,Northstar Mobility LLC is recalling certain 2019 Northstar Trail LX vehicles because the tire placard may show an incorrect cold inflation pressure.,Improper tire inflation can reduce handling stability and increase crash risk.,Dealers will install a corrected tire information placard.,recall-21V100094,recall_notice,public,generated_fallback_nhtsa_style_not_real
23V100095,Riverton Truck Co.,SUSPENSION,2025,Riverton,Hauler,Riverton Truck Co. is recalling certain 2025 Riverton Hauler vehicles because front lower control arm bushings may crack prematurely.,Degraded handling may increase crash risk.,Dealers will inspect and replace affected lower control arms.,recall-23V100095,recall_notice,public,generated_fallback_nhtsa_style_not_real
23V100096,Orion Automotive Group,SUSPENSION,2024,Orion,Metro EV,Orion Automotive Group is recalling certain 2024 Orion Metro EV vehicles because front lower control arm bushings may crack prematurely.,Degraded handling may increase crash risk.,Dealers will inspect and replace affected lower control arms.,recall-23V100096,recall_notice,public,generated_fallback_nhtsa_style_not_real
21V100097,Helio Motors Inc.,STEERING,2021,Helio,Voltiva,Helio Motors Inc. is recalling certain 2021 Helio Voltiva vehicles because the steering intermediate shaft fastener may have been under-torqued.,Steering looseness can reduce vehicle control and increase crash risk.,Dealers will inspect and tighten the fastener to the specified torque.,recall-21V100097,recall_notice,public,generated_fallback_nhtsa_style_not_real
23V100098,Helio Motors Inc.,TIRES,2024,Helio,Voltiva,Helio Motors Inc. is recalling certain 2024 Helio Voltiva vehicles because the tire placard may show an incorrect cold inflation pressure.,Improper tire inflation can reduce handling stability and increase crash risk.,Dealers will install a corrected tire information placard.,recall-23V100098,recall_notice,public,generated_fallback_nhtsa_style_not_real
22V100099,Northstar Mobility LLC,"FUEL SYSTEM, GASOLINE",2024,Northstar,Trail LX,Northstar Mobility LLC is recalling certain 2024 Northstar Trail LX vehicles because a fuel line quick connector may not be fully seated.,Fuel leakage in the presence of an ignition source can increase fire risk.,Dealers will inspect the connector and replace the fuel line if needed.,recall-22V100099,recall_notice,public,generated_fallback_nhtsa_style_not_real
26V100100,Riverton Truck Co.,SUSPENSION,2024,Riverton,Hauler,Riverton Truck Co. is recalling certain 2024 Riverton Hauler vehicles because front lower control arm bushings may crack prematurely.,Degraded handling may increase crash risk.,Dealers will inspect and replace affected lower control arms.,recall-26V100100,recall_notice,public,generated_fallback_nhtsa_style_not_real
22V100101,Meridian Vehicle Systems,AIR BAGS,2020,Meridian,Crossline,Meridian Vehicle Systems is recalling certain 2020 Meridian Crossline vehicles because the air bag control module may intermittently lose communication.,"Air bags may not deploy as intended during a crash, increasing injury risk.",Dealers will inspect the wiring harness and update the restraint control software.,recall-22V100101,recall_notice,public,generated_fallback_nhtsa_style_not_real
24V100102,Orion Automotive Group,"FUEL SYSTEM, GASOLINE",2015,Orion,Metro EV,Orion Automotive Group is recalling certain 2015 Orion Metro EV vehicles because a fuel line quick connector may not be fully seated.,Fuel leakage in the presence of an ignition source can increase fire risk.,Dealers will inspect the connector and replace the fuel line if needed.,recall-24V100102,recall_notice,public,generated_fallback_nhtsa_style_not_real
22V100103,Orion Automotive Group,ELECTRICAL SYSTEM,2022,Orion,Metro EV,Orion Automotive Group is recalling certain 2022 Orion Metro EV vehicles because a body control module software fault may reset the instrument cluster.,Loss of driver information can distract the driver and increase crash risk.,Dealers will install updated body control module software free of charge.,recall-22V100103,recall_notice,public,generated_fallback_nhtsa_style_not_real
24V100104,Helio Motors Inc.,STEERING,2016,Helio,Voltiva,Helio Motors Inc. is recalling certain 2016 Helio Voltiva vehicles because the steering intermediate shaft fastener may have been under-torqued.,Steering looseness can reduce vehicle control and increase crash risk.,Dealers will inspect and tighten the fastener to the specified torque.,recall-24V100104,recall_notice,public,generated_fallback_nhtsa_style_not_real
20V100105,Northstar Mobility LLC,"SERVICE BRAKES, HYDRAULIC",2016,Northstar,Trail LX,Northstar Mobility LLC is recalling certain 2016 Northstar Trail LX vehicles because the brake actuator may report incorrect pressure under repeated stop-and-go operation.,Reduced brake assist can extend stopping distance and increase crash risk.,Dealers will replace the hydraulic control unit and recalibrate the brake actuator.,recall-20V100105,recall_notice,public,generated_fallback_nhtsa_style_not_real
24V100106,Cobalt Auto Corporation,POWER TRAIN,2023,Cobalt,Vista,Cobalt Auto Corporation is recalling certain 2023 Cobalt Vista vehicles because a transmission park pawl calibration error may allow vehicle movement.,Unexpected vehicle rollaway can increase injury or crash risk.,Dealers will update the transmission control module calibration.,recall-24V100106,recall_notice,public,generated_fallback_nhtsa_style_not_real
25V100107,Riverton Truck Co.,"FUEL SYSTEM, GASOLINE",2023,Riverton,Hauler,Riverton Truck Co. is recalling certain 2023 Riverton Hauler vehicles because a fuel line quick connector may not be fully seated.,Fuel leakage in the presence of an ignition source can increase fire risk.,Dealers will inspect the connector and replace the fuel line if needed.,recall-25V100107,recall_notice,public,generated_fallback_nhtsa_style_not_real
20V100108,Cobalt Auto Corporation,SUSPENSION,2016,Cobalt,Vista,Cobalt Auto Corporation is recalling certain 2016 Cobalt Vista vehicles because front lower control arm bushings may crack prematurely.,Degraded handling may increase crash risk.,Dealers will inspect and replace affected lower control arms.,recall-20V100108,recall_notice,public,generated_fallback_nhtsa_style_not_real
26V100109,Apex Motor Works,ELECTRICAL SYSTEM,2026,Apex,Summit,Apex Motor Works is recalling certain 2026 Apex Summit vehicles because a body control module software fault may reset the instrument cluster.,Loss of driver information can distract the driver and increase crash risk.,Dealers will install updated body control module software free of charge.,recall-26V100109,recall_notice,public,generated_fallback_nhtsa_style_not_real
23V100110,Northstar Mobility LLC,"FUEL SYSTEM, GASOLINE",2015,Northstar,Trail LX,Northstar Mobility LLC is recalling certain 2015 Northstar Trail LX vehicles because a fuel line quick connector may not be fully seated.,Fuel leakage in the presence of an ignition source can increase fire risk.,Dealers will inspect the connector and replace the fuel line if needed.,recall-23V100110,recall_notice,public,generated_fallback_nhtsa_style_not_real
25V100111,Riverton Truck Co.,AIR BAGS,2022,Riverton,Hauler,Riverton Truck Co. is recalling certain 2022 Riverton Hauler vehicles because the air bag control module may intermittently lose communication.,"Air bags may not deploy as intended during a crash, increasing injury risk.",Dealers will inspect the wiring harness and update the restraint control software.,recall-25V100111,recall_notice,public,generated_fallback_nhtsa_style_not_real
21V100112,Orion Automotive Group,POWER TRAIN,2022,Orion,Metro EV,Orion Automotive Group is recalling certain 2022 Orion Metro EV vehicles because a transmission park pawl calibration error may allow vehicle movement.,Unexpected vehicle rollaway can increase injury or crash risk.,Dealers will update the transmission control module calibration.,recall-21V100112,recall_notice,public,generated_fallback_nhtsa_style_not_real
26V100113,Meridian Vehicle Systems,SEAT BELTS,2026,Meridian,Crossline,Meridian Vehicle Systems is recalling certain 2026 Meridian Crossline vehicles because the second-row buckle anchor may not meet retention specifications.,Occupant restraint performance may be reduced during a crash.,Dealers will replace the buckle anchor assembly.,recall-26V100113,recall_notice,public,generated_fallback_nhtsa_style_not_real
21V100114,Cobalt Auto Corporation,SEAT BELTS,2018,Cobalt,Vista,Cobalt Auto Corporation is recalling certain 2018 Cobalt Vista vehicles because the second-row buckle anchor may not meet retention specifications.,Occupant restraint performance may be reduced during a crash.,Dealers will replace the buckle anchor assembly.,recall-21V100114,recall_notice,public,generated_fallback_nhtsa_style_not_real
21V100115,Continental Passenger Vehicles,"FUEL SYSTEM, GASOLINE",2025,CPV,Ranger,Continental Passenger Vehicles is recalling certain 2025 CPV Ranger vehicles because a fuel line quick connector may not be fully seated.,Fuel leakage in the presence of an ignition source can increase fire risk.,Dealers will inspect the connector and replace the fuel line if needed.,recall-21V100115,recall_notice,public,generated_fallback_nhtsa_style_not_real
23V100116,Riverton Truck Co.,SEAT BELTS,2024,Riverton,Hauler,Riverton Truck Co. is recalling certain 2024 Riverton Hauler vehicles because the second-row buckle anchor may not meet retention specifications.,Occupant restraint performance may be reduced during a crash.,Dealers will replace the buckle anchor assembly.,recall-23V100116,recall_notice,public,generated_fallback_nhtsa_style_not_real
20V100117,Northstar Mobility LLC,SEAT BELTS,2025,Northstar,Trail LX,Northstar Mobility LLC is recalling certain 2025 Northstar Trail LX vehicles because the second-row buckle anchor may not meet retention specifications.,Occupant restraint performance may be reduced during a crash.,Dealers will replace the buckle anchor assembly.,recall-20V100117,recall_notice,public,generated_fallback_nhtsa_style_not_real
24V100118,Meridian Vehicle Systems,POWER TRAIN,2018,Meridian,Crossline,Meridian Vehicle Systems is recalling certain 2018 Meridian Crossline vehicles because a transmission park pawl calibration error may allow vehicle movement.,Unexpected vehicle rollaway can increase injury or crash risk.,Dealers will update the transmission control module calibration.,recall-24V100118,recall_notice,public,generated_fallback_nhtsa_style_not_real
22V100119,Northstar Mobility LLC,"FUEL SYSTEM, GASOLINE",2024,Northstar,Trail LX,Northstar Mobility LLC is recalling certain 2024 Northstar Trail LX vehicles because a fuel line quick connector may not be fully seated.,Fuel leakage in the presence of an ignition source can increase fire risk.,Dealers will inspect the connector and replace the fuel line if needed.,recall-22V100119,recall_notice,public,generated_fallback_nhtsa_style_not_real
23V100120,Apex Motor Works,SEAT BELTS,2022,Apex,Summit,Apex Motor Works is recalling certain 2022 Apex Summit vehicles because the second-row buckle anchor may not meet retention specifications.,Occupant restraint performance may be reduced during a crash.,Dealers will replace the buckle anchor assembly.,recall-23V100120,recall_notice,public,generated_fallback_nhtsa_style_not_real
24V100121,Orion Automotive Group,SUSPENSION,2022,Orion,Metro EV,Orion Automotive Group is recalling certain 2022 Orion Metro EV vehicles because front lower control arm bushings may crack prematurely.,Degraded handling may increase crash risk.,Dealers will inspect and replace affected lower control arms.,recall-24V100121,recall_notice,public,generated_fallback_nhtsa_style_not_real
23V100122,Cobalt Auto Corporation,SEAT BELTS,2024,Cobalt,Vista,Cobalt Auto Corporation is recalling certain 2024 Cobalt Vista vehicles because the second-row buckle anchor may not meet retention specifications.,Occupant restraint performance may be reduced during a crash.,Dealers will replace the buckle anchor assembly.,recall-23V100122,recall_notice,public,generated_fallback_nhtsa_style_not_real
20V100123,Meridian Vehicle Systems,AIR BAGS,2024,Meridian,Crossline,Meridian Vehicle Systems is recalling certain 2024 Meridian Crossline vehicles because the air bag control module may intermittently lose communication.,"Air bags may not deploy as intended during a crash, increasing injury risk.",Dealers will inspect the wiring harness and update the restraint control software.,recall-20V100123,recall_notice,public,generated_fallback_nhtsa_style_not_real
25V100124,Meridian Vehicle Systems,ELECTRICAL SYSTEM,2020,Meridian,Crossline,Meridian Vehicle Systems is recalling certain 2020 Meridian Crossline vehicles because a body control module software fault may reset the instrument cluster.,Loss of driver information can distract the driver and increase crash risk.,Dealers will install updated body control module software free of charge.,recall-25V100124,recall_notice,public,generated_fallback_nhtsa_style_not_real
21V100125,Riverton Truck Co.,SEAT BELTS,2026,Riverton,Hauler,Riverton Truck Co. is recalling certain 2026 Riverton Hauler vehicles because the second-row buckle anchor may not meet retention specifications.,Occupant restraint performance may be reduced during a crash.,Dealers will replace the buckle anchor assembly.,recall-21V100125,recall_notice,public,generated_fallback_nhtsa_style_not_real
24V100126,Helio Motors Inc.,"FUEL SYSTEM, GASOLINE",2019,Helio,Voltiva,Helio Motors Inc. is recalling certain 2019 Helio Voltiva vehicles because a fuel line quick connector may not be fully seated.,Fuel leakage in the presence of an ignition source can increase fire risk.,Dealers will inspect the connector and replace the fuel line if needed.,recall-24V100126,recall_notice,public,generated_fallback_nhtsa_style_not_real
23V100127,Helio Motors Inc.,STEERING,2018,Helio,Voltiva,Helio Motors Inc. is recalling certain 2018 Helio Voltiva vehicles because the steering intermediate shaft fastener may have been under-torqued.,Steering looseness can reduce vehicle control and increase crash risk.,Dealers will inspect and tighten the fastener to the specified torque.,recall-23V100127,recall_notice,public,generated_fallback_nhtsa_style_not_real
26V100128,Northstar Mobility LLC,TIRES,2018,Northstar,Trail LX,Northstar Mobility LLC is recalling certain 2018 Northstar Trail LX vehicles because the tire placard may show an incorrect cold inflation pressure.,Improper tire inflation can reduce handling stability and increase crash risk.,Dealers will install a corrected tire information placard.,recall-26V100128,recall_notice,public,generated_fallback_nhtsa_style_not_real
23V100129,Continental Passenger Vehicles,"FUEL SYSTEM, GASOLINE",2024,CPV,Ranger,Continental Passenger Vehicles is recalling certain 2024 CPV Ranger vehicles because a fuel line quick connector may not be fully seated.,Fuel leakage in the presence of an ignition source can increase fire risk.,Dealers will inspect the connector and replace the fuel line if needed.,recall-23V100129,recall_notice,public,generated_fallback_nhtsa_style_not_real
26V100130,Helio Motors Inc.,"FUEL SYSTEM, GASOLINE",2019,Helio,Voltiva,Helio Motors Inc. is recalling certain 2019 Helio Voltiva vehicles because a fuel line quick connector may not be fully seated.,Fuel leakage in the presence of an ignition source can increase fire risk.,Dealers will inspect the connector and replace the fuel line if needed.,recall-26V100130,recall_notice,public,generated_fallback_nhtsa_style_not_real
21V100131,Orion Automotive Group,ELECTRICAL SYSTEM,2016,Orion,Metro EV,Orion Automotive Group is recalling certain 2016 Orion Metro EV vehicles because a body control module software fault may reset the instrument cluster.,Loss of driver information can distract the driver and increase crash risk.,Dealers will install updated body control module software free of charge.,recall-21V100131,recall_notice,public,generated_fallback_nhtsa_style_not_real
26V100132,Helio Motors Inc.,AIR BAGS,2026,Helio,Voltiva,Helio Motors Inc. is recalling certain 2026 Helio Voltiva vehicles because the air bag control module may intermittently lose communication.,"Air bags may not deploy as intended during a crash, increasing injury risk.",Dealers will inspect the wiring harness and update the restraint control software.,recall-26V100132,recall_notice,public,generated_fallback_nhtsa_style_not_real
25V100133,Northstar Mobility LLC,SUSPENSION,2020,Northstar,Trail LX,Northstar Mobility LLC is recalling certain 2020 Northstar Trail LX vehicles because front lower control arm bushings may crack prematurely.,Degraded handling may increase crash risk.,Dealers will inspect and replace affected lower control arms.,recall-25V100133,recall_notice,public,generated_fallback_nhtsa_style_not_real
25V100134,Riverton Truck Co.,AIR BAGS,2023,Riverton,Hauler,Riverton Truck Co. is recalling certain 2023 Riverton Hauler vehicles because the air bag control module may intermittently lose communication.,"Air bags may not deploy as intended during a crash, increasing injury risk.",Dealers will inspect the wiring harness and update the restraint control software.,recall-25V100134,recall_notice,public,generated_fallback_nhtsa_style_not_real
22V100135,Continental Passenger Vehicles,SUSPENSION,2023,CPV,Ranger,Continental Passenger Vehicles is recalling certain 2023 CPV Ranger vehicles because front lower control arm bushings may crack prematurely.,Degraded handling may increase crash risk.,Dealers will inspect and replace affected lower control arms.,recall-22V100135,recall_notice,public,generated_fallback_nhtsa_style_not_real
24V100136,Northstar Mobility LLC,"SERVICE BRAKES, HYDRAULIC",2022,Northstar,Trail LX,Northstar Mobility LLC is recalling certain 2022 Northstar Trail LX vehicles because the brake actuator may report incorrect pressure under repeated stop-and-go operation.,Reduced brake assist can extend stopping distance and increase crash risk.,Dealers will replace the hydraulic control unit and recalibrate the brake actuator.,recall-24V100136,recall_notice,public,generated_fallback_nhtsa_style_not_real
21V100137,Riverton Truck Co.,STEERING,2018,Riverton,Hauler,Riverton Truck Co. is recalling certain 2018 Riverton Hauler vehicles because the steering intermediate shaft fastener may have been under-torqued.,Steering looseness can reduce vehicle control and increase crash risk.,Dealers will inspect and tighten the fastener to the specified torque.,recall-21V100137,recall_notice,public,generated_fallback_nhtsa_style_not_real
23V100138,Cobalt Auto Corporation,STEERING,2017,Cobalt,Vista,Cobalt Auto Corporation is recalling certain 2017 Cobalt Vista vehicles because the steering intermediate shaft fastener may have been under-torqued.,Steering looseness can reduce vehicle control and increase crash risk.,Dealers will inspect and tighten the fastener to the specified torque.,recall-23V100138,recall_notice,public,generated_fallback_nhtsa_style_not_real
26V100139,Orion Automotive Group,AIR BAGS,2020,Orion,Metro EV,Orion Automotive Group is recalling certain 2020 Orion Metro EV vehicles because the air bag control module may intermittently lose communication.,"Air bags may not deploy as intended during a crash, increasing injury risk.",Dealers will inspect the wiring harness and update the restraint control software.,recall-26V100139,recall_notice,public,generated_fallback_nhtsa_style_not_real
26V100140,Northstar Mobility LLC,AIR BAGS,2018,Northstar,Trail LX,Northstar Mobility LLC is recalling certain 2018 Northstar Trail LX vehicles because the air bag control module may intermittently lose communication.,"Air bags may not deploy as intended during a crash, increasing injury risk.",Dealers will inspect the wiring harness and update the restraint control software.,recall-26V100140,recall_notice,public,generated_fallback_nhtsa_style_not_real
23V100141,Meridian Vehicle Systems,AIR BAGS,2020,Meridian,Crossline,Meridian Vehicle Systems is recalling certain 2020 Meridian Crossline vehicles because the air bag control module may intermittently lose communication.,"Air bags may not deploy as intended during a crash, increasing injury risk.",Dealers will inspect the wiring harness and update the restraint control software.,recall-23V100141,recall_notice,public,generated_fallback_nhtsa_style_not_real
25V100142,Orion Automotive Group,SEAT BELTS,2023,Orion,Metro EV,Orion Automotive Group is recalling certain 2023 Orion Metro EV vehicles because the second-row buckle anchor may not meet retention specifications.,Occupant restraint performance may be reduced during a crash.,Dealers will replace the buckle anchor assembly.,recall-25V100142,recall_notice,public,generated_fallback_nhtsa_style_not_real
26V100143,Riverton Truck Co.,ELECTRICAL SYSTEM,2020,Riverton,Hauler,Riverton Truck Co. is recalling certain 2020 Riverton Hauler vehicles because a body control module software fault may reset the instrument cluster.,Loss of driver information can distract the driver and increase crash risk.,Dealers will install updated body control module software free of charge.,recall-26V100143,recall_notice,public,generated_fallback_nhtsa_style_not_real
25V100144,Riverton Truck Co.,"SERVICE BRAKES, HYDRAULIC",2020,Riverton,Hauler,Riverton Truck Co. is recalling certain 2020 Riverton Hauler vehicles because the brake actuator may report incorrect pressure under repeated stop-and-go operation.,Reduced brake assist can extend stopping distance and increase crash risk.,Dealers will replace the hydraulic control unit and recalibrate the brake actuator.,recall-25V100144,recall_notice,public,generated_fallback_nhtsa_style_not_real
22V100145,Continental Passenger Vehicles,"FUEL SYSTEM, GASOLINE",2023,CPV,Ranger,Continental Passenger Vehicles is recalling certain 2023 CPV Ranger vehicles because a fuel line quick connector may not be fully seated.,Fuel leakage in the presence of an ignition source can increase fire risk.,Dealers will inspect the connector and replace the fuel line if needed.,recall-22V100145,recall_notice,public,generated_fallback_nhtsa_style_not_real
23V100146,Apex Motor Works,TIRES,2025,Apex,Summit,Apex Motor Works is recalling certain 2025 Apex Summit vehicles because the tire placard may show an incorrect cold inflation pressure.,Improper tire inflation can reduce handling stability and increase crash risk.,Dealers will install a corrected tire information placard.,recall-23V100146,recall_notice,public,generated_fallback_nhtsa_style_not_real
23V100147,Northstar Mobility LLC,"SERVICE BRAKES, HYDRAULIC",2022,Northstar,Trail LX,Northstar Mobility LLC is recalling certain 2022 Northstar Trail LX vehicles because the brake actuator may report incorrect pressure under repeated stop-and-go operation.,Reduced brake assist can extend stopping distance and increase crash risk.,Dealers will replace the hydraulic control unit and recalibrate the brake actuator.,recall-23V100147,recall_notice,public,generated_fallback_nhtsa_style_not_real
25V100148,Apex Motor Works,STEERING,2021,Apex,Summit,Apex Motor Works is recalling certain 2021 Apex Summit vehicles because the steering intermediate shaft fastener may have been under-torqued.,Steering looseness can reduce vehicle control and increase crash risk.,Dealers will inspect and tighten the fastener to the specified torque.,recall-25V100148,recall_notice,public,generated_fallback_nhtsa_style_not_real
25V100149,Meridian Vehicle Systems,ELECTRICAL SYSTEM,2026,Meridian,Crossline,Meridian Vehicle Systems is recalling certain 2026 Meridian Crossline vehicles because a body control module software fault may reset the instrument cluster.,Loss of driver information can distract the driver and increase crash risk.,Dealers will install updated body control module software free of charge.,recall-25V100149,recall_notice,public,generated_fallback_nhtsa_style_not_real
25V100150,Northstar Mobility LLC,SEAT BELTS,2018,Northstar,Trail LX,Northstar Mobility LLC is recalling certain 2018 Northstar Trail LX vehicles because the second-row buckle anchor may not meet retention specifications.,Occupant restraint performance may be reduced during a crash.,Dealers will replace the buckle anchor assembly.,recall-25V100150,recall_notice,public,generated_fallback_nhtsa_style_not_real
22V100151,Helio Motors Inc.,TIRES,2019,Helio,Voltiva,Helio Motors Inc. is recalling certain 2019 Helio Voltiva vehicles because the tire placard may show an incorrect cold inflation pressure.,Improper tire inflation can reduce handling stability and increase crash risk.,Dealers will install a corrected tire information placard.,recall-22V100151,recall_notice,public,generated_fallback_nhtsa_style_not_real
23V100152,Continental Passenger Vehicles,"FUEL SYSTEM, GASOLINE",2026,CPV,Ranger,Continental Passenger Vehicles is recalling certain 2026 CPV Ranger vehicles because a fuel line quick connector may not be fully seated.,Fuel leakage in the presence of an ignition source can increase fire risk.,Dealers will inspect the connector and replace the fuel line if needed.,recall-23V100152,recall_notice,public,generated_fallback_nhtsa_style_not_real
25V100153,Meridian Vehicle Systems,SUSPENSION,2023,Meridian,Crossline,Meridian Vehicle Systems is recalling certain 2023 Meridian Crossline vehicles because front lower control arm bushings may crack prematurely.,Degraded handling may increase crash risk.,Dealers will inspect and replace affected lower control arms.,recall-25V100153,recall_notice,public,generated_fallback_nhtsa_style_not_real
26V100154,Apex Motor Works,ELECTRICAL SYSTEM,2024,Apex,Summit,Apex Motor Works is recalling certain 2024 Apex Summit vehicles because a body control module software fault may reset the instrument cluster.,Loss of driver information can distract the driver and increase crash risk.,Dealers will install updated body control module software free of charge.,recall-26V100154,recall_notice,public,generated_fallback_nhtsa_style_not_real
23V100155,Meridian Vehicle Systems,SEAT BELTS,2025,Meridian,Crossline,Meridian Vehicle Systems is recalling certain 2025 Meridian Crossline vehicles because the second-row buckle anchor may not meet retention specifications.,Occupant restraint performance may be reduced during a crash.,Dealers will replace the buckle anchor assembly.,recall-23V100155,recall_notice,public,generated_fallback_nhtsa_style_not_real
26V100156,Riverton Truck Co.,SUSPENSION,2022,Riverton,Hauler,Riverton Truck Co. is recalling certain 2022 Riverton Hauler vehicles because front lower control arm bushings may crack prematurely.,Degraded handling may increase crash risk.,Dealers will inspect and replace affected lower control arms.,recall-26V100156,recall_notice,public,generated_fallback_nhtsa_style_not_real
21V100157,Orion Automotive Group,TIRES,2020,Orion,Metro EV,Orion Automotive Group is recalling certain 2020 Orion Metro EV vehicles because the tire placard may show an incorrect cold inflation pressure.,Improper tire inflation can reduce handling stability and increase crash risk.,Dealers will install a corrected tire information placard.,recall-21V100157,recall_notice,public,generated_fallback_nhtsa_style_not_real
22V100158,Cobalt Auto Corporation,"FUEL SYSTEM, GASOLINE",2015,Cobalt,Vista,Cobalt Auto Corporation is recalling certain 2015 Cobalt Vista vehicles because a fuel line quick connector may not be fully seated.,Fuel leakage in the presence of an ignition source can increase fire risk.,Dealers will inspect the connector and replace the fuel line if needed.,recall-22V100158,recall_notice,public,generated_fallback_nhtsa_style_not_real
24V100159,Apex Motor Works,"FUEL SYSTEM, GASOLINE",2020,Apex,Summit,Apex Motor Works is recalling certain 2020 Apex Summit vehicles because a fuel line quick connector may not be fully seated.,Fuel leakage in the presence of an ignition source can increase fire risk.,Dealers will inspect the connector and replace the fuel line if needed.,recall-24V100159,recall_notice,public,generated_fallback_nhtsa_style_not_real
23V100160,Continental Passenger Vehicles,SUSPENSION,2017,CPV,Ranger,Continental Passenger Vehicles is recalling certain 2017 CPV Ranger vehicles because front lower control arm bushings may crack prematurely.,Degraded handling may increase crash risk.,Dealers will inspect and replace affected lower control arms.,recall-23V100160,recall_notice,public,generated_fallback_nhtsa_style_not_real
24V100161,Apex Motor Works,SUSPENSION,2016,Apex,Summit,Apex Motor Works is recalling certain 2016 Apex Summit vehicles because front lower control arm bushings may crack prematurely.,Degraded handling may increase crash risk.,Dealers will inspect and replace affected lower control arms.,recall-24V100161,recall_notice,public,generated_fallback_nhtsa_style_not_real
24V100162,Apex Motor Works,SEAT BELTS,2021,Apex,Summit,Apex Motor Works is recalling certain 2021 Apex Summit vehicles because the second-row buckle anchor may not meet retention specifications.,Occupant restraint performance may be reduced during a crash.,Dealers will replace the buckle anchor assembly.,recall-24V100162,recall_notice,public,generated_fallback_nhtsa_style_not_real
21V100163,Continental Passenger Vehicles,STEERING,2016,CPV,Ranger,Continental Passenger Vehicles is recalling certain 2016 CPV Ranger vehicles because the steering intermediate shaft fastener may have been under-torqued.,Steering looseness can reduce vehicle control and increase crash risk.,Dealers will inspect and tighten the fastener to the specified torque.,recall-21V100163,recall_notice,public,generated_fallback_nhtsa_style_not_real
24V100164,Orion Automotive Group,POWER TRAIN,2020,Orion,Metro EV,Orion Automotive Group is recalling certain 2020 Orion Metro EV vehicles because a transmission park pawl calibration error may allow vehicle movement.,Unexpected vehicle rollaway can increase injury or crash risk.,Dealers will update the transmission control module calibration.,recall-24V100164,recall_notice,public,generated_fallback_nhtsa_style_not_real
21V100165,Apex Motor Works,POWER TRAIN,2016,Apex,Summit,Apex Motor Works is recalling certain 2016 Apex Summit vehicles because a transmission park pawl calibration error may allow vehicle movement.,Unexpected vehicle rollaway can increase injury or crash risk.,Dealers will update the transmission control module calibration.,recall-21V100165,recall_notice,public,generated_fallback_nhtsa_style_not_real
21V100166,Orion Automotive Group,SUSPENSION,2020,Orion,Metro EV,Orion Automotive Group is recalling certain 2020 Orion Metro EV vehicles because front lower control arm bushings may crack prematurely.,Degraded handling may increase crash risk.,Dealers will inspect and replace affected lower control arms.,recall-21V100166,recall_notice,public,generated_fallback_nhtsa_style_not_real
26V100167,Northstar Mobility LLC,STEERING,2018,Northstar,Trail LX,Northstar Mobility LLC is recalling certain 2018 Northstar Trail LX vehicles because the steering intermediate shaft fastener may have been under-torqued.,Steering looseness can reduce vehicle control and increase crash risk.,Dealers will inspect and tighten the fastener to the specified torque.,recall-26V100167,recall_notice,public,generated_fallback_nhtsa_style_not_real
23V100168,Northstar Mobility LLC,SEAT BELTS,2016,Northstar,Trail LX,Northstar Mobility LLC is recalling certain 2016 Northstar Trail LX vehicles because the second-row buckle anchor may not meet retention specifications.,Occupant restraint performance may be reduced during a crash.,Dealers will replace the buckle anchor assembly.,recall-23V100168,recall_notice,public,generated_fallback_nhtsa_style_not_real
20V100169,Orion Automotive Group,"FUEL SYSTEM, GASOLINE",2026,Orion,Metro EV,Orion Automotive Group is recalling certain 2026 Orion Metro EV vehicles because a fuel line quick connector may not be fully seated.,Fuel leakage in the presence of an ignition source can increase fire risk.,Dealers will inspect the connector and replace the fuel line if needed.,recall-20V100169,recall_notice,public,generated_fallback_nhtsa_style_not_real
25V100170,Meridian Vehicle Systems,SUSPENSION,2022,Meridian,Crossline,Meridian Vehicle Systems is recalling certain 2022 Meridian Crossline vehicles because front lower control arm bushings may crack prematurely.,Degraded handling may increase crash risk.,Dealers will inspect and replace affected lower control arms.,recall-25V100170,recall_notice,public,generated_fallback_nhtsa_style_not_real
24V100171,Northstar Mobility LLC,STEERING,2016,Northstar,Trail LX,Northstar Mobility LLC is recalling certain 2016 Northstar Trail LX vehicles because the steering intermediate shaft fastener may have been under-torqued.,Steering looseness can reduce vehicle control and increase crash risk.,Dealers will inspect and tighten the fastener to the specified torque.,recall-24V100171,recall_notice,public,generated_fallback_nhtsa_style_not_real
26V100172,Cobalt Auto Corporation,POWER TRAIN,2023,Cobalt,Vista,Cobalt Auto Corporation is recalling certain 2023 Cobalt Vista vehicles because a transmission park pawl calibration error may allow vehicle movement.,Unexpected vehicle rollaway can increase injury or crash risk.,Dealers will update the transmission control module calibration.,recall-26V100172,recall_notice,public,generated_fallback_nhtsa_style_not_real
21V100173,Meridian Vehicle Systems,TIRES,2024,Meridian,Crossline,Meridian Vehicle Systems is recalling certain 2024 Meridian Crossline vehicles because the tire placard may show an incorrect cold inflation pressure.,Improper tire inflation can reduce handling stability and increase crash risk.,Dealers will install a corrected tire information placard.,recall-21V100173,recall_notice,public,generated_fallback_nhtsa_style_not_real
22V100174,Helio Motors Inc.,SUSPENSION,2024,Helio,Voltiva,Helio Motors Inc. is recalling certain 2024 Helio Voltiva vehicles because front lower control arm bushings may crack prematurely.,Degraded handling may increase crash risk.,Dealers will inspect and replace affected lower control arms.,recall-22V100174,recall_notice,public,generated_fallback_nhtsa_style_not_real
23V100175,Apex Motor Works,STEERING,2024,Apex,Summit,Apex Motor Works is recalling certain 2024 Apex Summit vehicles because the steering intermediate shaft fastener may have been under-torqued.,Steering looseness can reduce vehicle control and increase crash risk.,Dealers will inspect and tighten the fastener to the specified torque.,recall-23V100175,recall_notice,public,generated_fallback_nhtsa_style_not_real
22V100176,Cobalt Auto Corporation,STEERING,2018,Cobalt,Vista,Cobalt Auto Corporation is recalling certain 2018 Cobalt Vista vehicles because the steering intermediate shaft fastener may have been under-torqued.,Steering looseness can reduce vehicle control and increase crash risk.,Dealers will inspect and tighten the fastener to the specified torque.,recall-22V100176,recall_notice,public,generated_fallback_nhtsa_style_not_real
22V100177,Orion Automotive Group,SUSPENSION,2026,Orion,Metro EV,Orion Automotive Group is recalling certain 2026 Orion Metro EV vehicles because front lower control arm bushings may crack prematurely.,Degraded handling may increase crash risk.,Dealers will inspect and replace affected lower control arms.,recall-22V100177,recall_notice,public,generated_fallback_nhtsa_style_not_real
23V100178,Helio Motors Inc.,"FUEL SYSTEM, GASOLINE",2018,Helio,Voltiva,Helio Motors Inc. is recalling certain 2018 Helio Voltiva vehicles because a fuel line quick connector may not be fully seated.,Fuel leakage in the presence of an ignition source can increase fire risk.,Dealers will inspect the connector and replace the fuel line if needed.,recall-23V100178,recall_notice,public,generated_fallback_nhtsa_style_not_real
20V100179,Helio Motors Inc.,STEERING,2025,Helio,Voltiva,Helio Motors Inc. is recalling certain 2025 Helio Voltiva vehicles because the steering intermediate shaft fastener may have been under-torqued.,Steering looseness can reduce vehicle control and increase crash risk.,Dealers will inspect and tighten the fastener to the specified torque.,recall-20V100179,recall_notice,public,generated_fallback_nhtsa_style_not_real
21V100180,Meridian Vehicle Systems,POWER TRAIN,2021,Meridian,Crossline,Meridian Vehicle Systems is recalling certain 2021 Meridian Crossline vehicles because a transmission park pawl calibration error may allow vehicle movement.,Unexpected vehicle rollaway can increase injury or crash risk.,Dealers will update the transmission control module calibration.,recall-21V100180,recall_notice,public,generated_fallback_nhtsa_style_not_real
20V100181,Northstar Mobility LLC,SUSPENSION,2026,Northstar,Trail LX,Northstar Mobility LLC is recalling certain 2026 Northstar Trail LX vehicles because front lower control arm bushings may crack prematurely.,Degraded handling may increase crash risk.,Dealers will inspect and replace affected lower control arms.,recall-20V100181,recall_notice,public,generated_fallback_nhtsa_style_not_real
21V100182,Riverton Truck Co.,SUSPENSION,2017,Riverton,Hauler,Riverton Truck Co. is recalling certain 2017 Riverton Hauler vehicles because front lower control arm bushings may crack prematurely.,Degraded handling may increase crash risk.,Dealers will inspect and replace affected lower control arms.,recall-21V100182,recall_notice,public,generated_fallback_nhtsa_style_not_real
22V100183,Cobalt Auto Corporation,SEAT BELTS,2017,Cobalt,Vista,Cobalt Auto Corporation is recalling certain 2017 Cobalt Vista vehicles because the second-row buckle anchor may not meet retention specifications.,Occupant restraint performance may be reduced during a crash.,Dealers will replace the buckle anchor assembly.,recall-22V100183,recall_notice,public,generated_fallback_nhtsa_style_not_real
20V100184,Apex Motor Works,TIRES,2025,Apex,Summit,Apex Motor Works is recalling certain 2025 Apex Summit vehicles because the tire placard may show an incorrect cold inflation pressure.,Improper tire inflation can reduce handling stability and increase crash risk.,Dealers will install a corrected tire information placard.,recall-20V100184,recall_notice,public,generated_fallback_nhtsa_style_not_real
25V100185,Continental Passenger Vehicles,ELECTRICAL SYSTEM,2022,CPV,Ranger,Continental Passenger Vehicles is recalling certain 2022 CPV Ranger vehicles because a body control module software fault may reset the instrument cluster.,Loss of driver information can distract the driver and increase crash risk.,Dealers will install updated body control module software free of charge.,recall-25V100185,recall_notice,public,generated_fallback_nhtsa_style_not_real
22V100186,Cobalt Auto Corporation,AIR BAGS,2016,Cobalt,Vista,Cobalt Auto Corporation is recalling certain 2016 Cobalt Vista vehicles because the air bag control module may intermittently lose communication.,"Air bags may not deploy as intended during a crash, increasing injury risk.",Dealers will inspect the wiring harness and update the restraint control software.,recall-22V100186,recall_notice,public,generated_fallback_nhtsa_style_not_real
25V100187,Cobalt Auto Corporation,POWER TRAIN,2021,Cobalt,Vista,Cobalt Auto Corporation is recalling certain 2021 Cobalt Vista vehicles because a transmission park pawl calibration error may allow vehicle movement.,Unexpected vehicle rollaway can increase injury or crash risk.,Dealers will update the transmission control module calibration.,recall-25V100187,recall_notice,public,generated_fallback_nhtsa_style_not_real
20V100188,Apex Motor Works,SEAT BELTS,2021,Apex,Summit,Apex Motor Works is recalling certain 2021 Apex Summit vehicles because the second-row buckle anchor may not meet retention specifications.,Occupant restraint performance may be reduced during a crash.,Dealers will replace the buckle anchor assembly.,recall-20V100188,recall_notice,public,generated_fallback_nhtsa_style_not_real
24V100189,Meridian Vehicle Systems,SEAT BELTS,2022,Meridian,Crossline,Meridian Vehicle Systems is recalling certain 2022 Meridian Crossline vehicles because the second-row buckle anchor may not meet retention specifications.,Occupant restraint performance may be reduced during a crash.,Dealers will replace the buckle anchor assembly.,recall-24V100189,recall_notice,public,generated_fallback_nhtsa_style_not_real
23V100190,Northstar Mobility LLC,TIRES,2025,Northstar,Trail LX,Northstar Mobility LLC is recalling certain 2025 Northstar Trail LX vehicles because the tire placard may show an incorrect cold inflation pressure.,Improper tire inflation can reduce handling stability and increase crash risk.,Dealers will install a corrected tire information placard.,recall-23V100190,recall_notice,public,generated_fallback_nhtsa_style_not_real
26V100191,Helio Motors Inc.,SUSPENSION,2023,Helio,Voltiva,Helio Motors Inc. is recalling certain 2023 Helio Voltiva vehicles because front lower control arm bushings may crack prematurely.,Degraded handling may increase crash risk.,Dealers will inspect and replace affected lower control arms.,recall-26V100191,recall_notice,public,generated_fallback_nhtsa_style_not_real
24V100192,Riverton Truck Co.,SEAT BELTS,2019,Riverton,Hauler,Riverton Truck Co. is recalling certain 2019 Riverton Hauler vehicles because the second-row buckle anchor may not meet retention specifications.,Occupant restraint performance may be reduced during a crash.,Dealers will replace the buckle anchor assembly.,recall-24V100192,recall_notice,public,generated_fallback_nhtsa_style_not_real
20V100193,Helio Motors Inc.,TIRES,2024,Helio,Voltiva,Helio Motors Inc. is recalling certain 2024 Helio Voltiva vehicles because the tire placard may show an incorrect cold inflation pressure.,Improper tire inflation can reduce handling stability and increase crash risk.,Dealers will install a corrected tire information placard.,recall-20V100193,recall_notice,public,generated_fallback_nhtsa_style_not_real
22V100194,Apex Motor Works,AIR BAGS,2015,Apex,Summit,Apex Motor Works is recalling certain 2015 Apex Summit vehicles because the air bag control module may intermittently lose communication.,"Air bags may not deploy as intended during a crash, increasing injury risk.",Dealers will inspect the wiring harness and update the restraint control software.,recall-22V100194,recall_notice,public,generated_fallback_nhtsa_style_not_real
23V100195,Riverton Truck Co.,ELECTRICAL SYSTEM,2016,Riverton,Hauler,Riverton Truck Co. is recalling certain 2016 Riverton Hauler vehicles because a body control module software fault may reset the instrument cluster.,Loss of driver information can distract the driver and increase crash risk.,Dealers will install updated body control module software free of charge.,recall-23V100195,recall_notice,public,generated_fallback_nhtsa_style_not_real
22V100196,Continental Passenger Vehicles,"SERVICE BRAKES, HYDRAULIC",2015,CPV,Ranger,Continental Passenger Vehicles is recalling certain 2015 CPV Ranger vehicles because the brake actuator may report incorrect pressure under repeated stop-and-go operation.,Reduced brake assist can extend stopping distance and increase crash risk.,Dealers will replace the hydraulic control unit and recalibrate the brake actuator.,recall-22V100196,recall_notice,public,generated_fallback_nhtsa_style_not_real
25V100197,Meridian Vehicle Systems,SUSPENSION,2022,Meridian,Crossline,Meridian Vehicle Systems is recalling certain 2022 Meridian Crossline vehicles because front lower control arm bushings may crack prematurely.,Degraded handling may increase crash risk.,Dealers will inspect and replace affected lower control arms.,recall-25V100197,recall_notice,public,generated_fallback_nhtsa_style_not_real
26V100198,Meridian Vehicle Systems,"FUEL SYSTEM, GASOLINE",2025,Meridian,Crossline,Meridian Vehicle Systems is recalling certain 2025 Meridian Crossline vehicles because a fuel line quick connector may not be fully seated.,Fuel leakage in the presence of an ignition source can increase fire risk.,Dealers will inspect the connector and replace the fuel line if needed.,recall-26V100198,recall_notice,public,generated_fallback_nhtsa_style_not_real
24V100199,Cobalt Auto Corporation,SUSPENSION,2022,Cobalt,Vista,Cobalt Auto Corporation is recalling certain 2022 Cobalt Vista vehicles because front lower control arm bushings may crack prematurely.,Degraded handling may increase crash risk.,Dealers will inspect and replace affected lower control arms.,recall-24V100199,recall_notice,public,generated_fallback_nhtsa_style_not_real
